-- phpMyAdmin SQL Dump
-- version 4.0.8
-- http://www.phpmyadmin.net
--
-- Host: localhost
-- Generation Time: Jan 01, 2014 at 02:50 AM
-- Server version: 5.1.72-cll
-- PHP Version: 5.3.17

SET SQL_MODE = "NO_AUTO_VALUE_ON_ZERO";
SET time_zone = "+00:00";


/*!40101 SET @OLD_CHARACTER_SET_CLIENT=@@CHARACTER_SET_CLIENT */;
/*!40101 SET @OLD_CHARACTER_SET_RESULTS=@@CHARACTER_SET_RESULTS */;
/*!40101 SET @OLD_COLLATION_CONNECTION=@@COLLATION_CONNECTION */;
/*!40101 SET NAMES utf8 */;

--
-- Database: `plusprod_ecom`
--

-- --------------------------------------------------------

--
-- Table structure for table `home_banner_images`
--

CREATE TABLE IF NOT EXISTS `home_banner_images` (
  `recordID` int(11) NOT NULL AUTO_INCREMENT,
  `recordText` varchar(255) DEFAULT NULL,
  `recordListingID` int(11) DEFAULT NULL,
  `bannerType` enum('SliderBanners','HomeBanners','Downloads','SidebarBanner') DEFAULT NULL,
  `banner_link` text,
  `banner_title` varchar(250) DEFAULT NULL,
  `banner_description` varchar(255) DEFAULT NULL,
  PRIMARY KEY (`recordID`)
) ENGINE=MyISAM  DEFAULT CHARSET=latin1 AUTO_INCREMENT=14 ;

--
-- Dumping data for table `home_banner_images`
--

INSERT INTO `home_banner_images` (`recordID`, `recordText`, `recordListingID`, `bannerType`, `banner_link`, `banner_title`, `banner_description`) VALUES
(10, 'p18bdm6p1p4o81klu1k2cktj1jag2.jpg', 2, 'HomeBanners', '', '', ''),
(9, 'p18bdm6p1ppg013apl1essstf91.jpg', 3, 'HomeBanners', '', '', ''),
(13, 'p18bdm9qpg4g8e7sosmde56811.jpg', 1, 'HomeBanners', '', '', '');

-- --------------------------------------------------------

--
-- Table structure for table `index_page`
--

CREATE TABLE IF NOT EXISTS `index_page` (
  `ID` tinyint(3) NOT NULL AUTO_INCREMENT,
  `TITLE` tinytext CHARACTER SET latin1,
  `KEYWORDS` tinytext CHARACTER SET latin1,
  `DESCRIPTION` tinytext CHARACTER SET latin1,
  `BODY` text CHARACTER SET latin1,
  `NAME` text CHARACTER SET latin1,
  `content_type` varchar(35) NOT NULL,
  PRIMARY KEY (`ID`)
) ENGINE=MyISAM  DEFAULT CHARSET=utf8 AUTO_INCREMENT=2 ;

--
-- Dumping data for table `index_page`
--

INSERT INTO `index_page` (`ID`, `TITLE`, `KEYWORDS`, `DESCRIPTION`, `BODY`, `NAME`, `content_type`) VALUES
(1, 'Pluspro E-commerce ', 'Pluspro E-commerce ', 'Pluspro E-commerce ', '', '', '');

-- --------------------------------------------------------

--
-- Table structure for table `index_pages`
--

CREATE TABLE IF NOT EXISTS `index_pages` (
  `ID` tinyint(3) NOT NULL AUTO_INCREMENT,
  `TITLE` text,
  `KEYWORDS` text,
  `DESCRIPTION` text,
  `BODY` longblob,
  `ListingID` tinyint(4) DEFAULT NULL,
  `NAME` mediumtext,
  `IMAGE_TXT` text NOT NULL,
  `LIVE` text,
  `ISCONTACT` tinytext,
  `ALLOWDELETE` tinyint(2) DEFAULT '1',
  PRIMARY KEY (`ID`)
) ENGINE=MyISAM DEFAULT CHARSET=utf8 AUTO_INCREMENT=1 ;

-- --------------------------------------------------------

--
-- Table structure for table `pages`
--

CREATE TABLE IF NOT EXISTS `pages` (
  `ID` tinyint(3) NOT NULL AUTO_INCREMENT,
  `TITLE` text,
  `KEYWORDS` text,
  `DESCRIPTION` text,
  `BODY` longblob,
  `ListingID` tinyint(4) DEFAULT NULL,
  `NAME` mediumtext,
  `LIVE` text,
  `ISCONTACT` tinytext,
  `ALLOWDELETE` tinyint(2) DEFAULT '1',
  PRIMARY KEY (`ID`)
) ENGINE=MyISAM  DEFAULT CHARSET=utf8 AUTO_INCREMENT=17 ;

--
-- Dumping data for table `pages`
--

INSERT INTO `pages` (`ID`, `TITLE`, `KEYWORDS`, `DESCRIPTION`, `BODY`, `ListingID`, `NAME`, `LIVE`, `ISCONTACT`, `ALLOWDELETE`) VALUES
(9, 'About us', 'About us ', 'About us', 0x3c703e3c7370616e207374796c653d22666f6e742d73697a653a323270783b223e3c7370616e207374796c653d22636f6c6f723a20726762283136352c2034322c203432293b223e3c7374726f6e673e41626f75742075733c2f7374726f6e673e3c2f7370616e3e3c2f7370616e3e3c2f703e0d0a0d0a3c703e4c6f72656d20497073756d2069732073696d706c792064756d6d792074657874206f6620746865207072696e74696e6720616e64207479706573657474696e6720696e6475737472792e204c6f72656d20497073756d20686173206265656e2074686520696e647573747279262333393b73207374616e646172642064756d6d79207465787420657665722073696e6365207468652031353030732c207768656e20616e20756e6b6e6f776e207072696e74657220746f6f6b20612067616c6c6579206f66207479706520616e6420736372616d626c656420697420746f206d616b65206120747970652073706563696d656e20626f6f6b2e20497420686173207375727669766564206e6f74206f6e6c7920666976652063656e7475726965732c2062757420616c736f20746865206c65617020696e746f20656c656374726f6e6963207479706573657474696e672c2072656d61696e696e6720657373656e7469616c6c7920756e6368616e6765642e2049742077617320706f70756c61726973656420696e207468652031393630732077697468207468652072656c65617365206f66204c657472617365742073686565747320636f6e7461696e696e67204c6f72656d20497073756d2070617373616765732c20616e64206d6f726520726563656e746c792077697468206465736b746f70207075626c697368696e6720736f667477617265206c696b6520416c64757320506167654d616b657220696e636c7564696e672076657273696f6e73206f66204c6f72656d20497073756d3c2f703e0d0a, 1, 'About Us', 'Exclude_from_menu', 'No', 0),
(12, 'Terms & Condition', '', '', 0x3c703e5465726d732026616d703b20436f6e646974696f6e3c2f703e0d0a, 4, 'Terms & Conditions ', 'Exclude_from_menu', 'No', 0),
(14, 'Store Locator', 'Store Locator', 'Store Locator', 0x3c703e53746f7265204c6f6361746f723c2f703e0d0a, 2, 'Store Locator', 'Exclude_from_menu', 'No', 0),
(15, 'Privacy Policy', 'Privacy Policy', 'Privacy Policy', 0x3c703e5072697661637920506f6c6963793c2f703e0d0a, 3, 'Privacy Policy', 'Exclude_from_menu', 'No', 0),
(16, 'Affiliates', 'Affiliates', 'Affiliates', 0x3c703e416666696c69617465733c2f703e0d0a, 5, 'Affiliates', 'Exclude_from_menu', 'No', 0);

-- --------------------------------------------------------

--
-- Table structure for table `sec_sub_pages`
--

CREATE TABLE IF NOT EXISTS `sec_sub_pages` (
  `ID` tinyint(3) NOT NULL AUTO_INCREMENT,
  `TITLE` text,
  `KEYWORDS` text,
  `DESCRIPTION` text,
  `BODY` longblob,
  `ListingID` tinyint(4) DEFAULT NULL,
  `NAME` mediumtext,
  `LIVE` text,
  `ISCONTACT` tinytext,
  `ALLOWDELETE` tinyint(2) DEFAULT '1',
  `MAIN_PAGE_ID` int(11) DEFAULT NULL,
  PRIMARY KEY (`ID`)
) ENGINE=MyISAM DEFAULT CHARSET=utf8 AUTO_INCREMENT=1 ;

-- --------------------------------------------------------

--
-- Table structure for table `settings`
--

CREATE TABLE IF NOT EXISTS `settings` (
  `ID` tinyint(2) NOT NULL AUTO_INCREMENT,
  `URL` tinytext CHARACTER SET latin1,
  `SITE_NAME` tinytext CHARACTER SET latin1,
  `SITE_EMAIL` tinytext CHARACTER SET latin1,
  `TEMPLATE` text CHARACTER SET latin1,
  `SIDEBOX` tinyint(4) DEFAULT NULL,
  `BASEURL` text,
  `NEEDPING` int(4) DEFAULT '0',
  `facebook_app_id` varchar(65) DEFAULT NULL,
  `facebook_secret_key` varchar(65) DEFAULT NULL,
  `consumer_key` varchar(250) DEFAULT NULL,
  `consumer_secret` varchar(250) DEFAULT NULL,
  `user_token` varchar(250) DEFAULT NULL,
  `user_secret` varchar(250) DEFAULT NULL,
  `terms_conditions` varchar(250) DEFAULT NULL,
  `privacy_policy` varchar(250) DEFAULT NULL,
  `max_num_pages` int(11) DEFAULT NULL,
  `pluspro_logo_text` varchar(255) DEFAULT NULL,
  `logo` varchar(150) DEFAULT NULL,
  `favIcon` varchar(150) DEFAULT NULL,
  `homeBanner_height` int(11) DEFAULT NULL,
  `homeBanner_width` int(11) DEFAULT NULL,
  `mobile_site` enum('Yes','No') DEFAULT NULL,
  PRIMARY KEY (`ID`)
) ENGINE=MyISAM  DEFAULT CHARSET=utf8 AUTO_INCREMENT=2 ;

--
-- Dumping data for table `settings`
--

INSERT INTO `settings` (`ID`, `URL`, `SITE_NAME`, `SITE_EMAIL`, `TEMPLATE`, `SIDEBOX`, `BASEURL`, `NEEDPING`, `facebook_app_id`, `facebook_secret_key`, `consumer_key`, `consumer_secret`, `user_token`, `user_secret`, `terms_conditions`, `privacy_policy`, `max_num_pages`, `pluspro_logo_text`, `logo`, `favIcon`, `homeBanner_height`, `homeBanner_width`, `mobile_site`) VALUES
(1, 'http://demos.pluspro.com/~plusprod/plusproecommerce.com/admin/', 'pluspro E-commerce', 'mohamed.rasvi@pluspro.com', 'plusproecommerce', 0, 'http://demos.pluspro.com/~plusprod/plusproecommerce.com/', 0, 'ab api id - edited2', 'fb sec', 'twuser- edited', 'twpwd', '', '', 'feed.xml', 'sitemap.xml', 50, 'zxczxczxczxczxczxc', '1387358711.png', '1359681976.ico', 466, 770, 'No');

-- --------------------------------------------------------

--
-- Table structure for table `set_email_templates`
--

CREATE TABLE IF NOT EXISTS `set_email_templates` (
  `id` int(11) NOT NULL AUTO_INCREMENT,
  `tpl_name` varchar(150) DEFAULT NULL,
  `tpl_description` varchar(250) DEFAULT NULL,
  `category_id` int(5) DEFAULT NULL,
  `html_styles` text NOT NULL,
  `header_html` text,
  `body_html_1` text,
  `body_html_2` text,
  `body_html_3` text,
  `body_html_4` text,
  `body_html_5` text,
  `body_html_6` text,
  `footer_html` text,
  `created_on` datetime DEFAULT NULL,
  `created_by` int(5) DEFAULT NULL,
  `last_modified_on` datetime DEFAULT NULL,
  `last_modified_by` int(5) DEFAULT NULL,
  PRIMARY KEY (`id`)
) ENGINE=InnoDB  DEFAULT CHARSET=utf8 AUTO_INCREMENT=2 ;

--
-- Dumping data for table `set_email_templates`
--

INSERT INTO `set_email_templates` (`id`, `tpl_name`, `tpl_description`, `category_id`, `html_styles`, `header_html`, `body_html_1`, `body_html_2`, `body_html_3`, `body_html_4`, `body_html_5`, `body_html_6`, `footer_html`, `created_on`, `created_by`, `last_modified_on`, `last_modified_by`) VALUES
(1, 'Product email campaign template ver1', 'Product email campaign template ver1', 1, '	<style type="text/css">\r\n		#outlook a{padding:0;} /* Force Outlook to provide a "view in browser" button. */\r\n		body{width:100% !important; margin:0;} \r\n		body{-webkit-text-size-adjust:none;} /* Prevent Webkit platforms from changing default text sizes. */\r\n		body{margin:0; padding:0;}\r\n		img{border:0; height:auto; line-height:100%; outline:none; text-decoration:none;}\r\n		table td{border-collapse:collapse;}\r\n		#backgroundTable{height:100% !important; margin:0; padding:0; width:100% !important;}\r\n		@import url(http://fonts.googleapis.com/css?family=Open+Sans:400,300,600,700); /* Loading Open Sans Google font */ \r\n		body, #backgroundTable{ background-color:#FFF; }\r\n		.TopbarLogo{\r\n		padding:10px;\r\n		text-align:left;\r\n		vertical-align:middle;\r\n		}\r\n		h1, .h1{\r\n		color:#444444;\r\n		display:block;\r\n		font-family:Open Sans;\r\n		font-size:35px;\r\n		font-weight: 400;\r\n		line-height:100%;\r\n		margin-top:2%;\r\n		margin-right:0;\r\n		margin-bottom:1%;\r\n		margin-left:0;\r\n		text-align:left;\r\n		}\r\n		h2, .h2{\r\n		color:#444444;\r\n		display:block;\r\n		font-family:Open Sans;\r\n		font-size:30px;\r\n		font-weight: 400;\r\n		line-height:100%;\r\n		margin-top:2%;\r\n		margin-right:0;\r\n		margin-bottom:1%;\r\n		margin-left:0;\r\n		text-align:left;\r\n		}\r\n		h3, .h3{\r\n		color:#444444;\r\n		display:block;\r\n		font-family:Open Sans;\r\n		font-size:24px;\r\n		font-weight:400;\r\n		margin-top:2%;\r\n		margin-right:0;\r\n		margin-bottom:1%;\r\n		margin-left:0;\r\n		text-align:left;\r\n		}\r\n		h4, .h4{\r\n		color:#444444;\r\n		display:block;\r\n		font-family:Open Sans;\r\n		font-size:18px;\r\n		font-weight:400;\r\n		line-height:100%;\r\n		margin-top:2%;\r\n		margin-right:0;\r\n		margin-bottom:1%;\r\n		margin-left:0;\r\n		text-align:left;\r\n		}\r\n		h5, .h5{\r\n		color:#444444;\r\n		display:block;\r\n		font-family:Open Sans;\r\n		font-size:14px;\r\n		font-weight:400;\r\n		line-height:100%;\r\n		margin-top:2%;\r\n		margin-right:0;\r\n		margin-bottom:1%;\r\n		margin-left:0;\r\n		text-align:left;\r\n		}\r\n		.textdark { \r\n		color: #444444;\r\n		font-family: Open Sans;\r\n		font-size: 13px;\r\n		line-height: 150%;\r\n		text-align: left;\r\n		}\r\n		.textwhite { \r\n		color: #fff;\r\n		font-family: Open Sans;\r\n		font-size: 13px;\r\n		line-height: 150%;\r\n		text-align: left;\r\n		}\r\n		.fontwhite { color:#fff; }\r\n		.btn {\r\n		background-color: #e5e5e5;\r\n		background-image: none;\r\n		filter: none;\r\n		border: 0;\r\n		box-shadow: none;\r\n		padding: 7px 14px; \r\n		text-shadow: none;\r\n		font-family: "Segoe UI", Helvetica, Arial, sans-serif;\r\n		font-size: 14px;  \r\n		color: #333333;\r\n		cursor: pointer;\r\n		outline: none;\r\n		-webkit-border-radius: 0 !important;\r\n		-moz-border-radius: 0 !important;\r\n		border-radius: 0 !important;\r\n		}\r\n		.btn:hover, \r\n		.btn:focus, \r\n		.btn:active,\r\n		.btn.active,\r\n		.btn[disabled],\r\n		.btn.disabled {  \r\n		font-family: "Segoe UI", Helvetica, Arial, sans-serif;\r\n		color: #333333;\r\n		box-shadow: none;\r\n		background-color: #d8d8d8;\r\n		}\r\n		.btn.blue   \r\n		{\r\n		color: white;  \r\n		text-shadow: none;\r\n		background-color: #4d90fe;\r\n		}\r\n		.btn.blue:hover, \r\n		.btn.blue:focus, \r\n		.btn.blue:active,\r\n		.btn.blue.active,\r\n		.btn.blue[disabled],\r\n		.btn.blue.disabled {  \r\n		background-color: #0362fd !important;\r\n		color: #fff !important;\r\n		}\r\n		.btn.red {\r\n		color: white;\r\n		text-shadow: none;\r\n		background-color: #d84a38;\r\n		}\r\n		.btn.red:hover, \r\n		.btn.red:focus, \r\n		.btn.red:active, \r\n		.btn.red.active,\r\n		.btn.red[disabled], \r\n		.btn.red.disabled {    \r\n		background-color: #bb2413 !important;\r\n		color: #fff !important;\r\n		}\r\n		.btn.green {\r\n		color: white;\r\n		text-shadow: none; \r\n		background-color: #35aa47;\r\n		}\r\n		.btn.green:hover, \r\n		.btn.green:focus, \r\n		.btn.green:active, \r\n		.btn.green.active,\r\n		.btn.green.disabled, \r\n		.btn.green[disabled]{ \r\n		background-color: #1d943b !important;\r\n		color: #fff !important;\r\n		}\r\n	</style>', '	<table border="0" cellpadding="0" cellspacing="0" width="100%" style="background-color:#1b2e44; height:52px;">\r\n		<tr>\r\n			<td align="center">\r\n				<center>\r\n					<table border="0" cellpadding="0" cellspacing="0" width="600px" style="height:100%;">\r\n						<tr>\r\n							<td align="left" valign="middle" style="padding-left:20px;">\r\n								<a href="index.html">\r\n								<img src="http://plusprodemos.com/imgs/winura_logo.png" width="86px" height="14px" alt="Metronic logo"/>\r\n								</a>\r\n							</td>\r\n							<td align="right" valign="middle" style="padding-right:20px;">\r\n								<table border="0" cellpadding="0" cellspacing="0" width="200px" style="height:100%;">\r\n									<tr>\r\n										<td width="30px">&nbsp;</td>\r\n										<td>\r\n											<a href="#">\r\n											<img src="http://keenthemes.com/assets/img/emailtemplate/social_facebook.png"  width="30px" height="30px" alt="social icon"/>\r\n											</a>\r\n										</td>\r\n										<td style="padding-left:5px">\r\n											<a href="#">\r\n											<img src="http://keenthemes.com/assets/img/emailtemplate/social_twitter.png"  width="30px" height="30px" alt="social icon"/>\r\n											</a>\r\n										</td>\r\n										<td style="padding-left:5px">\r\n											<a href="#">\r\n											<img src="http://keenthemes.com/assets/img/emailtemplate/social_googleplus.png"  width="30px" height="30px" alt="social icon"/>\r\n											</a>\r\n										</td>\r\n										<td style="padding-left:5px">\r\n											<a href="#">\r\n											<img src="http://keenthemes.com/assets/img/emailtemplate/social_linkedin.png"  width="30px" height="30px" alt="social icon"/>\r\n											</a>\r\n										</td>\r\n										<td style="padding-left:5px">\r\n											<a href="#">\r\n											<img src="http://keenthemes.com/assets/img/emailtemplate/social_rss.png"  width="30px" height="30px" alt="social icon"/>\r\n											</a>\r\n										</td>\r\n									</tr>\r\n								</table>\r\n							</td>\r\n						</tr>\r\n					</table>\r\n				</center>\r\n			</td>\r\n		</tr>\r\n	</table>', '<table border="0" cellpadding="0" cellspacing="0" style="width:100%">\n	<tbody>\n		<tr>\n			<td>\n			<table border="0" cellpadding="0" cellspacing="0" style="height:100%; width:600px">\n				<tbody>\n					<tr>\n						<td colspan="2">&nbsp;</td>\n					</tr>\n					<tr>\n						<td>\n						<h1>Get Promotion-edited on Server!</h1>\n\n						<p><br />\n						This this the email body customer can edit</p>\n\n						<p>&nbsp;</p>\n\n						<p>More Details</p>\n						</td>\n						<td><img alt="iphone" src="http://keenthemes.com/assets/img/emailtemplate/iphone.png" style="height:294px; width:174px" /></td>\n					</tr>\n				</tbody>\n			</table>\n			</td>\n		</tr>\n	</tbody>\n</table>\n', '		<table border="0" cellpadding="0" cellspacing="0" width="100%" style="background-color:#f8f8f8;border-bottom:1px solid #e7e7e7;">\r\n			<tr>\r\n				<td>\r\n					<center>\r\n						<table border="0" cellpadding="0" cellspacing="0" width="600px" style="height:100%;">\r\n							<tr>\r\n								<td valign="top" style="padding:20px;">\r\n									<h2>70% Discount!</h2>\r\n									<br />\r\n									<div class="textdark">\r\n										<strong>Getting started:</strong> \r\n										Lorem ipsum dolor sit amet, consectetuer adipiscing elit, sed diam nonummy nibh euismod tincidunt ut laoreet dolore magna aliquam erat volutpat. Ut wisi enim ad minim veniam, quis nostrud exerci tation ullamcorper suscipit lobortis.\r\n									</div>\r\n									<br />\r\n								</td>\r\n							</tr>\r\n						</table>\r\n					</center>\r\n				</td>\r\n			</tr>\r\n		</table>', NULL, NULL, NULL, NULL, '	<table border="0" cellpadding="0" cellspacing="0" width="100%" style="background-color:#1b2e44;">\r\n		<tr>\r\n			<td align="center">\r\n				<center>\r\n					<table border="0" cellpadding="0" cellspacing="0" width="600px" style="height:100%;">\r\n						<tr>\r\n							<td align="right" valign="middle" class="textwhite" style="font-size:12px;padding:20px;">\r\n								If you do not wish to receive this newsletter, you can <a href="#" class="fontwhite">click here to unsubscribe</a>.  \r\n								<br /><br />\r\n								&copy; 2013 Company.\r\n							</td>\r\n						</tr>\r\n					</table>\r\n				</center>\r\n			</td>\r\n		</tr>\r\n	</table>', '2013-12-23 12:55:41', 1, '0000-00-00 00:00:00', 0);

-- --------------------------------------------------------

--
-- Table structure for table `set_template_category`
--

CREATE TABLE IF NOT EXISTS `set_template_category` (
  `id` int(11) NOT NULL AUTO_INCREMENT,
  `category_name` varchar(150) DEFAULT NULL,
  `category_desc` varchar(250) DEFAULT NULL,
  `created_on` datetime DEFAULT NULL,
  `created_by` int(5) DEFAULT NULL,
  `last_modified_on` datetime DEFAULT NULL,
  `last_modified_by` int(5) DEFAULT NULL,
  PRIMARY KEY (`id`)
) ENGINE=InnoDB DEFAULT CHARSET=utf8 AUTO_INCREMENT=1 ;

-- --------------------------------------------------------

--
-- Table structure for table `sub_pages`
--

CREATE TABLE IF NOT EXISTS `sub_pages` (
  `ID` tinyint(3) NOT NULL AUTO_INCREMENT,
  `TITLE` text,
  `KEYWORDS` text,
  `DESCRIPTION` text,
  `BODY` longblob,
  `ListingID` tinyint(4) DEFAULT NULL,
  `NAME` mediumtext,
  `LIVE` text,
  `ISCONTACT` tinytext,
  `ALLOWDELETE` tinyint(2) DEFAULT '1',
  `MAIN_PAGE_ID` int(11) DEFAULT NULL,
  PRIMARY KEY (`ID`)
) ENGINE=MyISAM DEFAULT CHARSET=utf8 AUTO_INCREMENT=1 ;

-- --------------------------------------------------------

--
-- Table structure for table `tbl_address`
--

CREATE TABLE IF NOT EXISTS `tbl_address` (
  `id` int(11) NOT NULL AUTO_INCREMENT COMMENT '	',
  `address` varchar(150) DEFAULT NULL,
  `region` varchar(150) DEFAULT NULL,
  `state` varchar(45) DEFAULT NULL,
  `city` varchar(45) DEFAULT NULL,
  `postcode` varchar(25) DEFAULT NULL,
  `country` varchar(100) DEFAULT NULL,
  `tbl_members_id` int(11) DEFAULT NULL,
  `address_type` enum('SHIPPING','BILLING') DEFAULT NULL,
  `address_object_type` enum('CUSTOMER') DEFAULT NULL,
  `house_number` varchar(35) DEFAULT NULL,
  `last_name` varchar(35) DEFAULT NULL,
  `title` enum('Mr','Mrs','Ms','Miss','Dr') DEFAULT NULL,
  `first_name` varchar(250) DEFAULT NULL,
  `phone` varchar(45) DEFAULT NULL,
  PRIMARY KEY (`id`)
) ENGINE=MyISAM  DEFAULT CHARSET=utf8 AUTO_INCREMENT=50 ;

--
-- Dumping data for table `tbl_address`
--

INSERT INTO `tbl_address` (`id`, `address`, `region`, `state`, `city`, `postcode`, `country`, `tbl_members_id`, `address_type`, `address_object_type`, `house_number`, `last_name`, `title`, `first_name`, `phone`) VALUES
(1, 'qweqweqwe', 'qweqweqwe', 'qweqweqwe', 'qweqweqwe', 'qweqweqwe', '1', 1, 'BILLING', 'CUSTOMER', 'zczxczxc', 'Iyathurai', 'Mr', 'Iyngaran', '2342342342'),
(2, 'qweqweqwe', 'qweqweqwe', 'qweqweqwe', 'qweqweqwe', 'qweqweqwe', '1', 1, 'SHIPPING', 'CUSTOMER', 'zczxczxc', 'Iyathurai', 'Mr', 'Iyngaran', '2342342342'),
(3, '', '', '', '', '', '', 2, 'BILLING', 'CUSTOMER', '', '', '', '', ''),
(4, '', '', '', '', '', '', 2, 'SHIPPING', 'CUSTOMER', '', '', '', '', ''),
(5, 'No 4A Rahula Mawatha', 'Saranangara Road', 'Sothern', 'Colombo', '0094', '1', 3, 'BILLING', 'CUSTOMER', 'Monara Pvt Ltd', 'Iyathurai', 'Mr', 'Iyngaran', '23234234'),
(6, 'No 4A Rahula Mawatha', 'Saranangara Road', 'Sothern', 'Colombo', '0094', '1', 3, 'SHIPPING', 'CUSTOMER', 'Monara Pvt Ltd', 'Iyathurai', 'Mr', 'Iyngaran', '23234234'),
(7, 'werwerwer', 'werwerwerwer', 'werwerwer', 'werwerwer', 'werwerwe', '1', 6, 'BILLING', 'CUSTOMER', 'werwer', 'werwer', 'Mr', 'dwerwer', 'werwerwer'),
(8, 'werwerwer', 'werwerwerwer', 'werwerwer', 'werwerwer', 'werwerwe', '1', 6, 'SHIPPING', 'CUSTOMER', 'werwer', 'werwer', 'Mr', 'dwerwer', 'werwerwer'),
(9, ' South Lake Tahoe ', ' South Lake Tahoe ', '', ' South Lake Tahoe ', ' 96153 ', 'Albania', 7, 'BILLING', 'CUSTOMER', 'test', 'test', '', 'test', '+1 996 236'),
(10, ' South Lake Tahoe ', ' South Lake Tahoe ', '', ' South Lake Tahoe ', ' 96153 ', 'Afghanistan', 7, 'SHIPPING', 'CUSTOMER', 'test', 'test', '', 'test', '+1 996 236'),
(11, 'test', 'test', 'Test', 'test', '0094', '1', 10, 'BILLING', 'CUSTOMER', 'plusprotest', 'test pluspro', 'Mr', 'Test', '0118156'),
(12, 'test', 'test', 'test', 'test', '0094', '1', 10, 'SHIPPING', 'CUSTOMER', '', 'test', 'Mr', 'test', 'test'),
(13, '', '', '', '', '', 'Afghanistan', 21, 'BILLING', 'CUSTOMER', '', '', '', '', ''),
(14, '', '', '', '', '', 'Afghanistan', 21, 'SHIPPING', 'CUSTOMER', '', '', '', '', ''),
(15, 'London', 'london', 'Angus', 'london', '0044', 'United Kingdom', 22, 'BILLING', 'CUSTOMER', 'Testing company', 'testing', 'Mr', '', ''),
(16, 'London', 'london', 'Angus', 'london', '0044', 'United Kingdom', 23, 'BILLING', 'CUSTOMER', 'Testing company', 'testing', 'Mr', '', ''),
(17, '', '', 'Region / State:', '', '', 'Country:', 22, 'BILLING', 'CUSTOMER', '', '', '', '', 'asdas'),
(18, 'This field is required.', '', 'Region / State:', 'This field is required.', 'This field is required.', 'Country:', 23, 'BILLING', 'CUSTOMER', '', '', '', '', 'This field is required.'),
(19, 'This field is required.', '', 'Region / State:', 'This field is required.', 'This field is required.', 'Country:', 24, 'BILLING', 'CUSTOMER', '', '', '', '', 'This field is required.'),
(20, 'This field is required.', '', 'Region / State:', 'This field is required.', 'This field is required.', 'Country:', 25, 'BILLING', 'CUSTOMER', '', '', '', '', 'This field is required.'),
(21, 'This field is required.', '', 'Region / State:', 'This field is required.', 'This field is required.', 'Country:', 26, 'BILLING', 'CUSTOMER', '', '', 'Mr', '', 'This field is required.'),
(22, 'This field is required.', '', 'Region / State:', 'This field is required.', 'This field is required.', 'Country:', 27, 'BILLING', 'CUSTOMER', '', '', '', '', 'This field is required.'),
(23, 'This field is required.', '', 'Region / State:', 'This field is required.', 'This field is required.', 'Country:', 28, 'BILLING', 'CUSTOMER', '', 'This field is required.', '', '', 'This field is required.'),
(24, 'This field is required.', '', 'Region / State:', 'This field is required.', 'This field is required.', 'Country:', 29, 'BILLING', 'CUSTOMER', '', 'This field is required.', '', '', 'This field is required.'),
(25, 'This field is required.', '', 'Region / State:', 'This field is required.', 'This field is required.', '', 30, 'BILLING', 'CUSTOMER', '', 'This field is required.', '', '', 'This field is required.'),
(26, 'London', '', 'highlands', 'london', '0044', 'United Kingdom', 31, 'BILLING', 'CUSTOMER', '', 'testing', 'Mr', '', '123456789'),
(27, 'This field is required.', '', '', 'This field is required.', 'This field is required.', '', 32, 'BILLING', 'CUSTOMER', '', 'This field is required.', '', '', 'This field is required.'),
(28, 'London', '', 'highlands', 'london', '0044', 'United Kingdom', 33, 'BILLING', 'CUSTOMER', '', 'testing', 'Mr', '', '123456789'),
(29, 'Leeds', '', 'highlands', 'Leeds', '00044', 'United Kingdom', 34, 'BILLING', 'CUSTOMER', 'Pluspro', 'Testing Last Name', 'Mr', '', '0772815991'),
(30, 'dfdf', '', 'Angus', 'dfdf', '11213', 'Bahamas', 35, 'BILLING', 'CUSTOMER', '', 'dfd', 'Mr', '', '1223'),
(31, 'dfg', '', 'my region', 'dfgd', '1223', 'Sri Lanka', 36, 'BILLING', 'CUSTOMER', '', 'dfgdf', 'Mr', '', '1223'),
(32, 'Park Avenue', 'Colombo 08', 'Colombo\r\n', 'Colombo', '80080', 'Sri Lanka', 37, 'BILLING', 'CUSTOMER', 'Monara IT Ltd', '5a', 'Mr', '', '770190352'),
(33, 'park avenue ', 'Borella ', 'Colombo\r\n', 'Colombo ', '00094', 'Sri Lanka', 38, 'BILLING', 'CUSTOMER', 'Pluspro', 'Rasvi', 'Mr', '', '0772815991'),
(34, 'park avenue ', 'Borella ', 'Colombo\r\n', 'Colombo ', '00094', 'Sri Lanka', 39, 'BILLING', 'CUSTOMER', 'Pluspro', 'Rasvi', 'Mr', '', '0772815991'),
(35, 'park avenue', 'Borella', '', 'Colombo', '00094', 'Sri Lanka', 40, 'BILLING', 'CUSTOMER', 'Pluspro', 'Rasvi', 'Mr', 'mohamed', '0772815991'),
(36, 'park avenue', 'Borella', '', 'Colombo', '00094', '', 40, 'SHIPPING', 'CUSTOMER', 'Pluspro', 'Rasvi', '', 'Mohamed', '0772815991'),
(37, 'dfdsfsf', '', 'Berat\r\n', 'jkihkhk', '122323', 'Albania', 41, 'BILLING', 'CUSTOMER', '', 'dsfsf', 'Mr', '', '12344'),
(38, ' South Lake Tahoe ', '', 'Neuquen\r\n', ' South Lake Tahoe ', ' 96153 ', 'Argentina', 42, 'BILLING', 'CUSTOMER', '', 'test', 'Mr', '', '1996236'),
(39, 'dfdf', '', 'Calilabad\r', 'dfdf', 'dfd', 'Azerbaijan', 43, 'BILLING', 'CUSTOMER', '', '', 'Mr', '', '2232'),
(40, 'dffgf', '', 'Northern Territory\r', 'dffgfg', 'dfd', 'Australia', 44, 'BILLING', 'CUSTOMER', '', '', 'Mrs', '', '2323'),
(41, 'erf', '', 'Niederosterreich\r', 'fgfg', 'fgf', 'Austria', 45, 'BILLING', 'CUSTOMER', '', '', 'Mr', '', '21323'),
(42, 'fgfg', 'fg', 'Beylaqan\r', 'fgfg', 'fgfg', 'Azerbaijan', 46, 'BILLING', 'CUSTOMER', '', '', 'Miss', '', '2323'),
(43, 'dfdg', '', 'Daskasan\r', 'fgfg', 'fgfgf', 'Azerbaijan', 47, 'BILLING', 'CUSTOMER', '', '', 'Mr', '', '2323'),
(44, '', '', '', '', '', '', 48, 'BILLING', 'CUSTOMER', '', '', '', '', ''),
(45, 'mytest address', '', 'Badakhshan\r', 'mytest city', 'mytest postcode', 'Afghanistan', 49, 'BILLING', 'CUSTOMER', '', '', 'Mr', '', '1234'),
(47, 'fg', '', 'Ararat\r', 'fgfg', 'fgfg', 'Armenia', 51, 'BILLING', 'CUSTOMER', '', '', 'Mr', '', '1221'),
(48, 'fdf', '', 'Bie\r', 'wrer', 'erere', 'Angola', 52, 'BILLING', 'CUSTOMER', '', '', 'Mr', '', '111'),
(49, 'fddf', '', 'Kandahar\r', 'sdsd', 'sdsd', 'Afghanistan', 53, 'BILLING', 'CUSTOMER', '', '', 'Mr', '', '11');

-- --------------------------------------------------------

--
-- Table structure for table `tbl_album`
--

CREATE TABLE IF NOT EXISTS `tbl_album` (
  `id` int(11) NOT NULL AUTO_INCREMENT,
  `album_title` text,
  `status` int(2) DEFAULT NULL,
  `display_order` int(11) DEFAULT NULL,
  `keywords` varchar(255) DEFAULT NULL,
  `description` text,
  `album_image` varchar(150) DEFAULT NULL,
  PRIMARY KEY (`id`)
) ENGINE=MyISAM  DEFAULT CHARSET=latin1 AUTO_INCREMENT=9 ;

--
-- Dumping data for table `tbl_album`
--

INSERT INTO `tbl_album` (`id`, `album_title`, `status`, `display_order`, `keywords`, `description`, `album_image`) VALUES
(8, 'Our Gallery', 1, 0, 'Our Gallery', 'Our Gallery', '');

-- --------------------------------------------------------

--
-- Table structure for table `tbl_brand`
--

CREATE TABLE IF NOT EXISTS `tbl_brand` (
  `id` int(11) NOT NULL AUTO_INCREMENT,
  `brand_name` varchar(35) DEFAULT NULL,
  `brand_description` varchar(250) DEFAULT NULL,
  `status` enum('Enabled','Disabled') NOT NULL DEFAULT 'Enabled',
  `display_order` int(11) DEFAULT NULL,
  `brand_image` varchar(35) DEFAULT NULL,
  PRIMARY KEY (`id`)
) ENGINE=MyISAM  DEFAULT CHARSET=latin1 AUTO_INCREMENT=15 ;

--
-- Dumping data for table `tbl_brand`
--

INSERT INTO `tbl_brand` (`id`, `brand_name`, `brand_description`, `status`, `display_order`, `brand_image`) VALUES
(1, 'Farah Vintage', '<p>Farah Vintage</p>\r\n', 'Enabled', 1, ''),
(2, 'Antony Morato', ' Antony Morato ', 'Enabled', 2, ''),
(3, 'Peaceful Hooligan', '<p>Peaceful Hooligan</p>\r\n', 'Enabled', 3, ''),
(4, 'Nicholas Deakins', '<p>Nicholas Deakins</p>\r\n', 'Enabled', 4, ''),
(5, 'Realm and Empire', '<p>Realm and Empire</p>\r\n', 'Enabled', 5, ''),
(6, 'Dead Legacy', '<p>Dead Legacy</p>\r\n', 'Enabled', 6, ''),
(7, 'Jekyl & Hyde', '<p>Jekyl &amp; Hyde</p>\r\n', 'Enabled', 7, ''),
(8, 'Joe & Co', '<p>Joe &amp; Co</p>\r\n', 'Enabled', 8, ''),
(9, 'Luke', '<p>Luke</p>\r\n', 'Enabled', 9, ''),
(10, 'Franklin Marshall', '<p>Franklin Marshall</p>\r\n', 'Enabled', 10, ''),
(11, 'Sixpack France', '<p>Sixpack France</p>\r\n', 'Enabled', 11, ''),
(12, 'Dstrezzed', '<p>Dstrezzed</p>\r\n', 'Enabled', 12, ''),
(13, 'Fold', '<p>Fold</p>\r\n', 'Enabled', 13, ''),
(14, 'Simon + Simon', '<p>Simon + Simon</p>\r\n', 'Enabled', 14, '');

-- --------------------------------------------------------

--
-- Table structure for table `tbl_carrier_range`
--

CREATE TABLE IF NOT EXISTS `tbl_carrier_range` (
  `id` int(11) NOT NULL AUTO_INCREMENT,
  `tbl_carrier_type_id` int(11) DEFAULT NULL,
  `range_from` varchar(11) DEFAULT NULL,
  `range_to` varchar(11) DEFAULT NULL,
  `range_price` decimal(9,2) DEFAULT NULL,
  PRIMARY KEY (`id`)
) ENGINE=MyISAM  DEFAULT CHARSET=latin1 AUTO_INCREMENT=5 ;

--
-- Dumping data for table `tbl_carrier_range`
--

INSERT INTO `tbl_carrier_range` (`id`, `tbl_carrier_type_id`, `range_from`, `range_to`, `range_price`) VALUES
(1, 1, '500', '750', '5.00'),
(2, 3, '750', '1000', '10.00'),
(3, 4, '1000', '5000', '15.00'),
(4, 5, '2000', '', '25.00');

-- --------------------------------------------------------

--
-- Table structure for table `tbl_carrier_types`
--

CREATE TABLE IF NOT EXISTS `tbl_carrier_types` (
  `id` int(11) NOT NULL AUTO_INCREMENT,
  `carrier_type` varchar(150) DEFAULT NULL,
  `delay` varchar(150) DEFAULT NULL,
  `status` enum('Enabled','Disabled') DEFAULT NULL,
  `is_free_shipping` enum('Yes','No') DEFAULT NULL,
  PRIMARY KEY (`id`)
) ENGINE=MyISAM  DEFAULT CHARSET=latin1 AUTO_INCREMENT=7 ;

--
-- Dumping data for table `tbl_carrier_types`
--

INSERT INTO `tbl_carrier_types` (`id`, `carrier_type`, `delay`, `status`, `is_free_shipping`) VALUES
(1, 'Royal Mail', '1-3 days', 'Enabled', ''),
(2, 'Free Delivery', '1-3 days', 'Enabled', ''),
(3, 'International Signed For (Insured)', '2-7 days', 'Enabled', ''),
(4, 'Royal Mail Airsure (Tracked and Insured)', '2-5 days', 'Enabled', ''),
(5, 'DHL', '1-3 days', 'Disabled', ''),
(6, 'UPS', '1', 'Enabled', '');

-- --------------------------------------------------------

--
-- Table structure for table `tbl_category`
--

CREATE TABLE IF NOT EXISTS `tbl_category` (
  `id` int(11) NOT NULL AUTO_INCREMENT,
  `category_name` varchar(35) DEFAULT NULL,
  `category_description` varchar(250) DEFAULT NULL,
  `sub_category_description` varchar(250) DEFAULT NULL,
  `parent_category` int(11) DEFAULT NULL,
  `status` enum('Enabled','Disabled') NOT NULL DEFAULT 'Enabled',
  `display_order` int(11) DEFAULT NULL,
  PRIMARY KEY (`id`)
) ENGINE=MyISAM  DEFAULT CHARSET=latin1 AUTO_INCREMENT=85 ;

--
-- Dumping data for table `tbl_category`
--

INSERT INTO `tbl_category` (`id`, `category_name`, `category_description`, `sub_category_description`, `parent_category`, `status`, `display_order`) VALUES
(67, 'Women Accessories', 'Women Accessories', '', 0, 'Enabled', 1),
(68, 'new', 'new', NULL, 66, 'Enabled', 200),
(74, 'Electronics', 'Electronics', 'Electronics', 0, 'Enabled', 2),
(75, 'Home and Furniture', 'Home and Furniture', 'Home and Furniture', 0, 'Enabled', 3),
(76, 'Sofa Beds', 'Best Prices and Rapid Delivery on all Sofa Beds from Bed Factory Outlet.', 'Best Prices and Rapid Delivery on all Sofa Beds from Bed Factory Outlet.', 0, 'Enabled', 4),
(77, 'Bedding Mattresses', 'Best Prices and Rapid Delivery on all Bedding from Bed Factory Outlet.', 'Best Prices and Rapid Delivery on all Bedding from Bed Factory Outlet.', 0, 'Enabled', 5),
(78, 'Mattresses', 'Best Prices and Rapid Delivery on all Mattresses from Bed Factory Outlet.', 'Best Prices and Rapid Delivery on all Mattresses from Bed Factory Outlet.', 0, 'Enabled', 6),
(80, 'Testing', 'gfh', 'gfhfg', 74, 'Enabled', 200);

-- --------------------------------------------------------

--
-- Table structure for table `tbl_contactpage`
--

CREATE TABLE IF NOT EXISTS `tbl_contactpage` (
  `ID` tinyint(3) NOT NULL AUTO_INCREMENT,
  `TITLE` text,
  `KEYWORDS` text,
  `DESCRIPTION` text,
  `BODY` longblob,
  `ListingID` tinyint(4) DEFAULT NULL,
  `NAME` mediumtext,
  `LIVE` text,
  `ISCONTACT` tinytext,
  `ALLOWDELETE` tinyint(2) DEFAULT '1',
  PRIMARY KEY (`ID`)
) ENGINE=MyISAM  DEFAULT CHARSET=utf8 AUTO_INCREMENT=2 ;

--
-- Dumping data for table `tbl_contactpage`
--

INSERT INTO `tbl_contactpage` (`ID`, `TITLE`, `KEYWORDS`, `DESCRIPTION`, `BODY`, `ListingID`, `NAME`, `LIVE`, `ISCONTACT`, `ALLOWDELETE`) VALUES
(1, 'Contact us', 'Contact Us', 'Contact Us', 0x3c703e57656c636f6d6520746f206f757220636f6e7461637420706167652e204f6e2074686973207061676520796f752077696c6c2066696e6420616c6c206f662074686520696e666f726d6174696f6e20796f752077696c6c206e65656420696e206f7264657220746f20636f6e74616374207573206469726563746c79207769746820616e79207175657269657320796f75206d617920686176652e3c2f703e0d0a0d0a3c703e266e6273703b3c2f703e0d0a0d0a3c703e506c656173652075736520776869636865766572206d6574686f6420737569747320796f7520626573742c206569746865722074686520636f6e746163742064657461696c732062656c6f77206f722074686520636f6e7461637420666f726d206f6e2074686520726967687420616e642077652077696c6c2061696d20746f20676574206261636b20746f20796f7520617320736f6f6e20617320706f737369626c652e3c2f703e0d0a0d0a3c703e266e6273703b3c2f703e0d0a, 0, 'Contact us', 'Published', 'Yes', 0);

-- --------------------------------------------------------

--
-- Table structure for table `tbl_contents`
--

CREATE TABLE IF NOT EXISTS `tbl_contents` (
  `ID` tinyint(3) NOT NULL AUTO_INCREMENT,
  `TITLE` text,
  `KEYWORDS` text,
  `DESCRIPTION` text,
  `BODY` longblob,
  `ListingID` tinyint(4) DEFAULT NULL,
  `NAME` mediumtext,
  `LIVE` text,
  `ISCONTACT` tinytext,
  `ALLOWDELETE` tinyint(2) DEFAULT '1',
  `CONTENT_TYPE` enum('PAGE','CONTENT') DEFAULT NULL,
  PRIMARY KEY (`ID`)
) ENGINE=MyISAM DEFAULT CHARSET=utf8 AUTO_INCREMENT=1 ;

-- --------------------------------------------------------

--
-- Table structure for table `tbl_country`
--

CREATE TABLE IF NOT EXISTS `tbl_country` (
  `id` int(11) NOT NULL AUTO_INCREMENT,
  `country_code` char(2) NOT NULL,
  `name` varchar(155) NOT NULL,
  `country_flags` varchar(10) DEFAULT NULL,
  `is_default` enum('Yes','No') DEFAULT NULL,
  PRIMARY KEY (`country_code`),
  UNIQUE KEY `name` (`name`) USING BTREE,
  UNIQUE KEY `id` (`id`)
) ENGINE=InnoDB  DEFAULT CHARSET=utf8 AUTO_INCREMENT=247 ;

--
-- Dumping data for table `tbl_country`
--

INSERT INTO `tbl_country` (`id`, `country_code`, `name`, `country_flags`, `is_default`) VALUES
(2, 'AD', 'Andorra', NULL, NULL),
(3, 'AE', 'United Arab Emirates', NULL, NULL),
(4, 'AF', 'Afghanistan', NULL, NULL),
(5, 'AG', 'Antigua and Barbuda', NULL, NULL),
(6, 'AI', 'Anguilla', NULL, NULL),
(7, 'AL', 'Albania', NULL, NULL),
(8, 'AM', 'Armenia', NULL, NULL),
(9, 'AN', 'Netherlands Antilles', NULL, NULL),
(10, 'AO', 'Angola', NULL, NULL),
(11, 'AQ', 'Antarctica', NULL, NULL),
(12, 'AR', 'Argentina', NULL, NULL),
(13, 'AS', 'American Samoa', NULL, NULL),
(14, 'AT', 'Austria', NULL, NULL),
(15, 'AU', 'Australia', NULL, NULL),
(16, 'AW', 'Aruba', NULL, NULL),
(17, 'AX', 'Aland IslandsÃƒâ€¦land Islands', NULL, NULL),
(18, 'AZ', 'Azerbaijan', NULL, NULL),
(19, 'BA', 'Bosnia and Herzegovina', NULL, NULL),
(20, 'BB', 'Barbados', NULL, NULL),
(21, 'BD', 'Bangladesh', NULL, NULL),
(22, 'BE', 'Belgium', NULL, NULL),
(23, 'BF', 'Burkina Faso', NULL, NULL),
(24, 'BG', 'Bulgaria', NULL, NULL),
(25, 'BH', 'Bahrain', NULL, NULL),
(26, 'BI', 'Burundi', NULL, NULL),
(27, 'BJ', 'Benin', NULL, NULL),
(28, 'BM', 'Bermuda', NULL, NULL),
(29, 'BN', 'Brunei Darussalam', NULL, NULL),
(30, 'BO', 'BoliviaBolivia, Plurinational state of', NULL, NULL),
(31, 'BR', 'Brazil', NULL, NULL),
(32, 'BS', 'Bahamas', NULL, NULL),
(33, 'BT', 'Bhutan', NULL, NULL),
(34, 'BV', 'Bouvet Island', NULL, NULL),
(35, 'BW', 'Botswana', NULL, NULL),
(36, 'BY', 'Belarus', NULL, NULL),
(37, 'BZ', 'Belize', NULL, NULL),
(38, 'CA', 'Canada', NULL, NULL),
(39, 'CC', 'Cocos (Keeling) Islands', NULL, NULL),
(40, 'CD', 'Congo, The Democratic Republic of the', NULL, NULL),
(41, 'CF', 'Central African Republic', NULL, NULL),
(42, 'CG', 'Congo', NULL, NULL),
(43, 'CH', 'Switzerland', NULL, NULL),
(44, 'CI', 'CÃƒÂ´te d''Ivoire', NULL, NULL),
(45, 'CK', 'Cook Islands', NULL, NULL),
(46, 'CL', 'Chile', NULL, NULL),
(47, 'CM', 'Cameroon', NULL, NULL),
(48, 'CN', 'China', NULL, NULL),
(49, 'CO', 'Colombia', NULL, NULL),
(50, 'CR', 'Costa Rica', NULL, NULL),
(51, 'CU', 'Cuba', NULL, NULL),
(52, 'CV', 'Cape Verde', NULL, NULL),
(53, 'CX', 'Christmas Island', NULL, NULL),
(54, 'CY', 'Cyprus', NULL, NULL),
(55, 'CZ', 'Czech Republic', NULL, NULL),
(56, 'DE', 'Germany', NULL, NULL),
(57, 'DJ', 'Djibouti', NULL, NULL),
(58, 'DK', 'Denmark', NULL, NULL),
(59, 'DM', 'Dominica', NULL, NULL),
(60, 'DO', 'Dominican Republic', NULL, NULL),
(61, 'DZ', 'Algeria', NULL, NULL),
(62, 'EC', 'Ecuador', NULL, NULL),
(63, 'EE', 'Estonia', NULL, NULL),
(64, 'EG', 'Egypt', NULL, NULL),
(65, 'EH', 'Western Sahara', NULL, NULL),
(66, 'ER', 'Eritrea', NULL, NULL),
(67, 'ES', 'Spain', NULL, NULL),
(68, 'ET', 'Ethiopia', NULL, NULL),
(69, 'FI', 'Finland', NULL, NULL),
(70, 'FJ', 'Fiji', NULL, NULL),
(71, 'FK', 'Falkland Islands (Malvinas)', NULL, NULL),
(72, 'FM', 'Micronesia, Federated States of', NULL, NULL),
(73, 'FO', 'Faroe Islands', NULL, NULL),
(74, 'FR', 'France', NULL, NULL),
(75, 'GA', 'Gabon', NULL, NULL),
(76, 'GB', 'United Kingdom', NULL, NULL),
(77, 'GD', 'Grenada', NULL, NULL),
(78, 'GE', 'Georgia', NULL, NULL),
(79, 'GF', 'French Guiana', NULL, NULL),
(80, 'GG', 'Guernsey', NULL, NULL),
(81, 'GH', 'Ghana', NULL, NULL),
(82, 'GI', 'Gibraltar', NULL, NULL),
(83, 'GL', 'Greenland', NULL, NULL),
(84, 'GM', 'Gambia', NULL, NULL),
(85, 'GN', 'Guinea', NULL, NULL),
(86, 'GP', 'Guadeloupe', NULL, NULL),
(87, 'GQ', 'Equatorial Guinea', NULL, NULL),
(88, 'GR', 'Greece', NULL, NULL),
(89, 'GS', 'South Georgia and the South Sandwich Islands', NULL, NULL),
(90, 'GT', 'Guatemala', NULL, NULL),
(91, 'GU', 'Guam', NULL, NULL),
(92, 'GW', 'Guinea-Bissau', NULL, NULL),
(93, 'GY', 'Guyana', NULL, NULL),
(94, 'HK', 'Hong Kong', NULL, NULL),
(95, 'HM', 'Heard Island and McDonald Islands', NULL, NULL),
(96, 'HN', 'Honduras', NULL, NULL),
(97, 'HR', 'Croatia', NULL, NULL),
(98, 'HT', 'Haiti', NULL, NULL),
(99, 'HU', 'Hungary', NULL, NULL),
(100, 'ID', 'Indonesia', NULL, NULL),
(101, 'IE', 'Ireland', NULL, NULL),
(102, 'IL', 'Israel', NULL, NULL),
(103, 'IM', 'Isle of Man', NULL, NULL),
(104, 'IN', 'India', NULL, NULL),
(105, 'IO', 'British Indian Ocean Territory', NULL, NULL),
(106, 'IQ', 'Iraq', NULL, NULL),
(107, 'IR', 'Iran, Islamic Republic of', NULL, NULL),
(108, 'IS', 'Iceland', NULL, NULL),
(109, 'IT', 'Italy', NULL, NULL),
(110, 'JE', 'Jersey', NULL, NULL),
(111, 'JM', 'Jamaica', NULL, NULL),
(112, 'JO', 'Jordan', NULL, NULL),
(113, 'JP', 'Japan', NULL, NULL),
(114, 'KE', 'Kenya', NULL, NULL),
(115, 'KG', 'Kyrgyzstan', NULL, NULL),
(116, 'KH', 'Cambodia', NULL, NULL),
(117, 'KI', 'Kiribati', NULL, NULL),
(118, 'KM', 'Comoros', NULL, NULL),
(119, 'KN', 'Saint Kitts and Nevis', NULL, NULL),
(120, 'KP', 'Korea, Democratic People&#39;s Republic of', NULL, NULL),
(121, 'KR', 'Korea, Republic of', NULL, NULL),
(122, 'KW', 'Kuwait', NULL, NULL),
(123, 'KY', 'Cayman Islands', NULL, NULL),
(124, 'KZ', 'Kazakhstan', NULL, NULL),
(125, 'LA', 'Lao People&#39;s Democratic Republic', NULL, NULL),
(126, 'LB', 'Lebanon', NULL, NULL),
(127, 'LC', 'Saint Lucia', NULL, NULL),
(128, 'LI', 'Liechtenstein', NULL, NULL),
(129, 'LK', 'Sri Lanka', NULL, NULL),
(130, 'LR', 'Liberia', NULL, NULL),
(131, 'LS', 'Lesotho', NULL, NULL),
(132, 'LT', 'Lithuania', NULL, NULL),
(133, 'LU', 'Luxembourg', NULL, NULL),
(134, 'LV', 'Latvia', NULL, NULL),
(135, 'LY', 'Libyan Arab Jamahiriya', NULL, NULL),
(136, 'MA', 'Morocco', NULL, NULL),
(137, 'MC', 'Monaco', NULL, NULL),
(138, 'MD', 'Moldova, Republic of', NULL, NULL),
(139, 'ME', 'Montenegro', NULL, NULL),
(140, 'MF', 'Saint Martin', NULL, NULL),
(141, 'MG', 'Madagascar', NULL, NULL),
(142, 'MH', 'Marshall Islands', NULL, NULL),
(143, 'MK', 'Macedonia', NULL, NULL),
(144, 'ML', 'Mali', NULL, NULL),
(145, 'MM', 'Myanmar', NULL, NULL),
(146, 'MN', 'Mongolia', NULL, NULL),
(147, 'MO', 'Macao', NULL, NULL),
(148, 'MP', 'Northern Mariana Islands', NULL, NULL),
(149, 'MQ', 'Martinique', NULL, NULL),
(150, 'MR', 'Mauritania', NULL, NULL),
(151, 'MS', 'Montserrat', NULL, NULL),
(152, 'MT', 'Malta', NULL, NULL),
(153, 'MU', 'Mauritius', NULL, NULL),
(154, 'MV', 'Maldives', NULL, NULL),
(155, 'MW', 'Malawi', NULL, NULL),
(156, 'MX', 'Mexico', NULL, NULL),
(157, 'MY', 'Malaysia', NULL, NULL),
(158, 'MZ', 'Mozambique', NULL, NULL),
(159, 'NA', 'Namibia', NULL, NULL),
(160, 'NC', 'New Caledonia', NULL, NULL),
(161, 'NE', 'Niger', NULL, NULL),
(162, 'NF', 'Norfolk Island', NULL, NULL),
(163, 'NG', 'Nigeria', NULL, NULL),
(164, 'NI', 'Nicaragua', NULL, NULL),
(165, 'NL', 'Netherlands', NULL, NULL),
(166, 'NO', 'Norway', NULL, NULL),
(167, 'NP', 'Nepal', NULL, NULL),
(168, 'NR', 'Nauru', NULL, NULL),
(169, 'NU', 'Niue', NULL, NULL),
(170, 'NZ', 'New Zealand', NULL, NULL),
(171, 'OM', 'Oman', NULL, NULL),
(172, 'PA', 'Panama', NULL, NULL),
(173, 'PE', 'Peru', NULL, NULL),
(174, 'PF', 'French Polynesia', NULL, NULL),
(175, 'PG', 'Papua New Guinea', NULL, NULL),
(176, 'PH', 'Philippines', NULL, NULL),
(177, 'PK', 'Pakistan', NULL, NULL),
(178, 'PL', 'Poland', NULL, NULL),
(179, 'PM', 'Saint Pierre and Miquelon', NULL, NULL),
(180, 'PN', 'Pitcairn', NULL, NULL),
(181, 'PR', 'Puerto Rico', NULL, NULL),
(182, 'PS', 'Palestinian Territory, Occupied', NULL, NULL),
(183, 'PT', 'Portugal', NULL, NULL),
(184, 'PW', 'Palau', NULL, NULL),
(185, 'PY', 'Paraguay', NULL, NULL),
(186, 'QA', 'Qatar', NULL, NULL),
(187, 'RE', 'RÃƒÂ©union', NULL, NULL),
(188, 'RO', 'Romania', NULL, NULL),
(189, 'RS', 'Serbia', NULL, NULL),
(190, 'RU', 'Russian Federation', NULL, NULL),
(191, 'RW', 'Rwanda', NULL, NULL),
(192, 'SA', 'Saudi Arabia', NULL, NULL),
(193, 'SB', 'Solomon Islands', NULL, NULL),
(194, 'SC', 'Seychelles', NULL, NULL),
(195, 'SD', 'Sudan', NULL, NULL),
(196, 'SE', 'Sweden', NULL, NULL),
(197, 'SG', 'Singapore', NULL, NULL),
(198, 'SH', 'Saint Helena', NULL, NULL),
(199, 'SI', 'Slovenia', NULL, NULL),
(200, 'SJ', 'Svalbard and Jan Mayen', NULL, NULL),
(201, 'SK', 'Slovakia', NULL, NULL),
(202, 'SL', 'Sierra Leone', NULL, NULL),
(203, 'SM', 'San Marino', NULL, NULL),
(204, 'SN', 'Senegal', NULL, NULL),
(205, 'SO', 'Somalia', NULL, NULL),
(206, 'SR', 'Suriname', NULL, NULL),
(207, 'ST', 'Sao Tome and Principe', NULL, NULL),
(208, 'SV', 'El Salvador', NULL, NULL),
(209, 'SY', 'Syrian Arab Republic', NULL, NULL),
(210, 'SZ', 'Swaziland', NULL, NULL),
(211, 'TC', 'Turks and Caicos Islands', NULL, NULL),
(212, 'TD', 'Chad', NULL, NULL),
(213, 'TF', 'French Southern Territories', NULL, NULL),
(214, 'TG', 'Togo', NULL, NULL),
(215, 'TH', 'Thailand', NULL, NULL),
(216, 'TJ', 'Tajikistan', NULL, NULL),
(217, 'TK', 'Tokelau', NULL, NULL),
(218, 'TL', 'Timor-Leste', NULL, NULL),
(219, 'TM', 'Turkmenistan', NULL, NULL),
(220, 'TN', 'Tunisia', NULL, NULL),
(221, 'TO', 'Tonga', NULL, NULL),
(222, 'TR', 'Turkey', NULL, NULL),
(223, 'TT', 'Trinidad and Tobago', NULL, NULL),
(224, 'TV', 'Tuvalu', NULL, NULL),
(225, 'TW', 'Taiwan', NULL, NULL),
(226, 'TZ', 'Tanzania, United Republic of', NULL, NULL),
(227, 'UA', 'Ukraine', NULL, NULL),
(228, 'UG', 'Uganda', NULL, NULL),
(229, 'UM', 'United States Minor Outlying Islands', NULL, NULL),
(230, 'US', 'United States', NULL, NULL),
(231, 'UY', 'Uruguay', NULL, NULL),
(232, 'UZ', 'Uzbekistan', NULL, NULL),
(233, 'VA', 'Holy See (Vatican City State)', NULL, NULL),
(234, 'VC', 'Saint Vincent and the Grenadines', NULL, NULL),
(235, 'VE', 'Venezuela, Bolivarian Republic of', NULL, NULL),
(236, 'VG', 'Virgin Islands, British', NULL, NULL),
(237, 'VI', 'Virgin Islands, U.S.', NULL, NULL),
(238, 'VN', 'Viet Nam', NULL, NULL),
(239, 'VU', 'Vanuatu', NULL, NULL),
(240, 'WF', 'Wallis and Futuna', NULL, NULL),
(241, 'WS', 'Samoa', NULL, NULL),
(242, 'YE', 'Yemen', NULL, NULL),
(243, 'YT', 'Mayotte', NULL, NULL),
(244, 'ZA', 'South Africa', NULL, NULL),
(245, 'ZM', 'Zambia', NULL, NULL),
(246, 'ZW', 'Zimbabwe', NULL, NULL);

-- --------------------------------------------------------

--
-- Table structure for table `tbl_currency`
--

CREATE TABLE IF NOT EXISTS `tbl_currency` (
  `id` int(11) NOT NULL AUTO_INCREMENT,
  `name` varchar(35) DEFAULT NULL,
  `currency_code` varchar(10) DEFAULT NULL,
  `currency_code_str` varchar(10) DEFAULT NULL,
  `is_default` enum('Yes','No') DEFAULT NULL,
  `status` enum('Enabled','Disabled') DEFAULT NULL,
  PRIMARY KEY (`id`)
) ENGINE=MyISAM  DEFAULT CHARSET=utf8 AUTO_INCREMENT=4 ;

--
-- Dumping data for table `tbl_currency`
--

INSERT INTO `tbl_currency` (`id`, `name`, `currency_code`, `currency_code_str`, `is_default`, `status`) VALUES
(1, 'Pound', '£', 'GBP', 'Yes', 'Enabled'),
(2, 'USD', '$', 'USD', 'No', 'Enabled'),
(3, 'Euro', '€', 'EUR', 'No', 'Enabled');

-- --------------------------------------------------------

--
-- Table structure for table `tbl_customer`
--

CREATE TABLE IF NOT EXISTS `tbl_customer` (
  `id` int(11) NOT NULL AUTO_INCREMENT,
  `title` enum('Mr','Mrs','Ms','Miss','Dr') DEFAULT NULL,
  `firstName` varchar(45) DEFAULT NULL,
  `lastName` varchar(45) DEFAULT NULL,
  `email` varchar(150) DEFAULT NULL,
  `password` varchar(250) DEFAULT NULL,
  `status` enum('Enabled','Disabled') DEFAULT NULL,
  `addedDate` datetime DEFAULT NULL,
  `last_login_date` datetime DEFAULT NULL,
  `last_login_from` varchar(35) DEFAULT NULL,
  PRIMARY KEY (`id`)
) ENGINE=InnoDB  DEFAULT CHARSET=latin1 AUTO_INCREMENT=54 ;

--
-- Dumping data for table `tbl_customer`
--

INSERT INTO `tbl_customer` (`id`, `title`, `firstName`, `lastName`, `email`, `password`, `status`, `addedDate`, `last_login_date`, `last_login_from`) VALUES
(7, 'Mr', 'Iyngaran', 'Iyathurai', 'iyngaran@yahoo.com', '8435f87baa86c5a8eb5adbcd15bcfe8f', 'Enabled', '2013-03-04 12:24:28', '0000-00-00 00:00:00', ''),
(37, 'Mr', 'Gayan', 'Chathuranga', 'gayan.c@pluspro.com', '9cd5834b045050a8252b94208f17d082', 'Enabled', '2013-12-30 05:42:26', '0000-00-00 00:00:00', ''),
(40, 'Mr', 'mohamed', 'rasvi', 'mrasvi@ymail.com', '6325ae85d932504df0319223a2d5e7e7', 'Enabled', '2013-12-30 07:15:15', '0000-00-00 00:00:00', ''),
(41, 'Mr', 'rgfhj', 'dfsdd', 'a@b.com', '202cb962ac59075b964b07152d234b70', 'Enabled', '2013-12-30 09:51:53', '0000-00-00 00:00:00', ''),
(42, 'Mr', 'test', 'test', 'mmm@yahoo.com', '202cb962ac59075b964b07152d234b70', 'Enabled', '2013-12-30 09:53:19', '0000-00-00 00:00:00', ''),
(43, 'Mr', 'fgfg', 'fgfg', 'a@b.com', '6512bd43d9caa6e02c990b0a82652dca', 'Enabled', '2013-12-30 13:32:12', '0000-00-00 00:00:00', ''),
(44, 'Mrs', 'dfdf', 'dfdf', 'a@b.com', '6512bd43d9caa6e02c990b0a82652dca', 'Enabled', '2013-12-30 13:33:46', '0000-00-00 00:00:00', ''),
(45, 'Mr', 'dfd', 'ddd', 'mohomadhamza@yahoo.com', '6512bd43d9caa6e02c990b0a82652dca', 'Enabled', '2013-12-30 13:34:18', '0000-00-00 00:00:00', ''),
(46, 'Miss', 'dfdf', 'dfdf', 'a@b.com', '6512bd43d9caa6e02c990b0a82652dca', 'Enabled', '2013-12-30 13:35:10', '0000-00-00 00:00:00', ''),
(47, 'Mr', 'ffgg', 'nbnbn', 'a@b.com', '6512bd43d9caa6e02c990b0a82652dca', 'Enabled', '2013-12-30 13:36:54', '0000-00-00 00:00:00', ''),
(48, '', '', '', '', 'd41d8cd98f00b204e9800998ecf8427e', 'Enabled', '2013-12-31 05:22:13', '0000-00-00 00:00:00', ''),
(49, 'Mr', 'mytest', 'mytest', 'mytest@gmail.com', '6512bd43d9caa6e02c990b0a82652dca', 'Enabled', '2013-12-31 05:28:24', '0000-00-00 00:00:00', ''),
(51, 'Mr', 'dfdfdf', 'dfdfd', 'a@b.com', '6512bd43d9caa6e02c990b0a82652dca', 'Enabled', '2013-12-31 06:04:49', '0000-00-00 00:00:00', ''),
(52, 'Mr', 'gggg', 'ggg', 'a@b.com', 'c4ca4238a0b923820dcc509a6f75849b', 'Enabled', '2013-12-31 06:59:06', '0000-00-00 00:00:00', ''),
(53, 'Mr', 'sdf', 'gvdf', 'a@b.com', 'c4ca4238a0b923820dcc509a6f75849b', 'Enabled', '2013-12-31 07:02:11', '0000-00-00 00:00:00', '');

-- --------------------------------------------------------

--
-- Table structure for table `tbl_fields`
--

CREATE TABLE IF NOT EXISTS `tbl_fields` (
  `id` int(11) NOT NULL AUTO_INCREMENT,
  `name` varchar(50) DEFAULT NULL,
  `filed_object_type` varchar(50) DEFAULT NULL,
  `display_order` int(11) DEFAULT NULL,
  PRIMARY KEY (`id`)
) ENGINE=MyISAM  DEFAULT CHARSET=utf8 AUTO_INCREMENT=4 ;

--
-- Dumping data for table `tbl_fields`
--

INSERT INTO `tbl_fields` (`id`, `name`, `filed_object_type`, `display_order`) VALUES
(1, 'Monday – Friday', 'Opening_Times', 1),
(2, 'Saturday', 'Opening_Times', 2),
(3, 'Sunday', 'Opening_Times', 3);

-- --------------------------------------------------------

--
-- Table structure for table `tbl_field_value`
--

CREATE TABLE IF NOT EXISTS `tbl_field_value` (
  `id` int(11) NOT NULL AUTO_INCREMENT,
  `tbl_fields_id` int(11) DEFAULT NULL,
  `tbl_sub_fields_id` int(11) DEFAULT NULL,
  `field_value` varchar(50) DEFAULT NULL,
  `field_attribute_value_1` varchar(250) DEFAULT NULL,
  PRIMARY KEY (`id`)
) ENGINE=MyISAM  DEFAULT CHARSET=utf8 AUTO_INCREMENT=4 ;

--
-- Dumping data for table `tbl_field_value`
--

INSERT INTO `tbl_field_value` (`id`, `tbl_fields_id`, `tbl_sub_fields_id`, `field_value`, `field_attribute_value_1`) VALUES
(1, 1, 0, '9am to 5pm', ''),
(2, 2, 0, '10am to 2pm', ''),
(3, 3, 0, 'Closed', '');

-- --------------------------------------------------------

--
-- Table structure for table `tbl_images`
--

CREATE TABLE IF NOT EXISTS `tbl_images` (
  `recordId` int(11) NOT NULL AUTO_INCREMENT,
  `recordText` varchar(225) DEFAULT NULL,
  `recordListingId` int(11) DEFAULT NULL,
  `image_object` enum('home_banner_images','Image_Gallery','Product','Page') DEFAULT NULL,
  `image_title` varchar(100) DEFAULT NULL,
  `image_description` text,
  `image_link` text,
  `image_object_keyId` int(11) DEFAULT NULL,
  `special_tag` enum('Yes','No') DEFAULT NULL,
  PRIMARY KEY (`recordId`)
) ENGINE=MyISAM  DEFAULT CHARSET=latin1 AUTO_INCREMENT=71 ;

--
-- Dumping data for table `tbl_images`
--

INSERT INTO `tbl_images` (`recordId`, `recordText`, `recordListingId`, `image_object`, `image_title`, `image_description`, `image_link`, `image_object_keyId`, `special_tag`) VALUES
(19, 'p1805nufhk8ko854pvm1ptiug61.jpg', 1, 'Image_Gallery', '', '', '', 8, ''),
(20, 'p1805nv7vacp41ukk9cfb621hoh1.jpg', 1, 'Image_Gallery', '', '', '', 8, ''),
(21, 'p1805nvenq1ben11ok1fo6rma1v1d2.jpg', 1, 'Image_Gallery', '', '', '', 8, ''),
(42, 'p18be7ijnqrlvbpn11r49d6gec1.jpg', 1, 'Product', '', '', '', 5, ''),
(50, 'p18be895d01rf61l695sq15cjog41.jpg', 1, 'Product', '', '', '', 6, ''),
(51, 'p18be89ug7flt1ggdsj110ge1b101.jpg', 1, 'Product', '', '', '', 7, ''),
(45, 'p18be7map78uquvu1r5s1v3ap3j1.jpg', 1, 'Product', '', '', '', 8, ''),
(52, 'p18be8b9oi1dhj1c9b1ph11jl0m7e1.jpg', 1, 'Product', '', '', '', 9, ''),
(53, 'p18be8c8mtm84129hnr3t1f1i5e1.jpg', 1, 'Product', '', '', '', 10, ''),
(54, 'p18be8dftn1dqqt3c1shn1tk61db21.jpg', 1, 'Product', '', '', '', 11, ''),
(32, 'p18417ro3nem4125j1sf0chl1cv01.jpg', 1, 'Product', '', '', '', 13, ''),
(33, 'p18417tnj2js51unr18381plhn262.jpg', 1, 'Product', '', '', '', 14, ''),
(34, 'p1841c5qps1e2c1vujs0bd3e1lid1.jpg', 1, 'Product', '', '', '', 15, ''),
(35, 'p1841c8n7rjj1efh9fs1ju2hsb1.jpg', 1, 'Product', '', '', '', 16, ''),
(36, 'p1841ce35l14ij1bukheuno21gr22.jpg', 1, 'Product', '', '', '', 17, ''),
(37, 'p1841cgkjh16su1ahs6oh15091e2p2.jpg', 1, 'Product', '', '', '', 18, ''),
(38, 'p184iqj9ensthptk18qo17poic1.jpg', 1, 'Product', '', '', '', 19, ''),
(39, 'p18bb0b3cl17c312gq5occd11ef21.jpg', 1, 'Product', '', '', '', 20, ''),
(64, 'p18bgnbtju180n6jecin11l91pb21.jpg', 1, 'Product', '', '', '', 21, ''),
(55, 'p18be8edan6pbioe1k1k7jsj391.jpg', 1, 'Product', '', '', '', 12, ''),
(56, 'p18bebh5kkdjo1b47164q1bvl6f91.jpg', 1, 'Product', '', '', '', 1, ''),
(57, 'p18bebr3n9cmh14q35snegsl5d1.jpg', 1, 'Product', '', '', '', 29, ''),
(58, 'p18bebsp781i6l16ln1udh1541m8m1.jpg', 1, 'Product', '', '', '', 28, ''),
(59, 'p18bec301a15bb12p64bgidu1tqn1.jpg', 1, 'Product', '', '', '', 27, ''),
(60, 'p18bec82of1s5h1etu1uev10318g81.jpg', 1, 'Product', '', '', '', 26, ''),
(61, 'p18bec94a5p7b1ut215ci1la6hks1.jpg', 1, 'Product', '', '', '', 25, ''),
(62, 'p18beca3ef1u4a1u9jql413n7q7s1.jpg', 1, 'Product', '', '', '', 24, ''),
(63, 'p18bg5g5gvgkb1sms1kd119pg1jc81.jpg', 1, 'Product', '', '', '', 29, ''),
(65, 'p18bgtcl0e15qmg5d565us155t1.jpg', 1, 'Product', '', '', '', 2, ''),
(66, 'p18bvfufvr8otq7d144u1a0urcq1.jpg', 1, 'Product', '', '', '', 23, ''),
(67, 'p18bvfv8n8h43buv1urf4t41rcc1.jpg', 1, 'Product', '', '', '', 22, ''),
(68, 'p18bvg1kpk16i51sksdfm18021a2m1.jpg', 1, 'Product', '', '', '', 3, ''),
(69, 'p18bvg707f1j5v1spktkn1oao1orm1.jpg', 1, 'Product', '', '', '', 4, ''),
(70, 'p18c7vb8cl15b76lv1rqg1atu6bf1.jpg', 1, 'Product', '', '', '', 101, '');

-- --------------------------------------------------------

--
-- Table structure for table `tbl_lang`
--

CREATE TABLE IF NOT EXISTS `tbl_lang` (
  `id` int(11) NOT NULL AUTO_INCREMENT,
  `lang_name` varchar(255) COLLATE utf8_unicode_ci NOT NULL,
  `is_enabled` enum('Yes','No') COLLATE utf8_unicode_ci DEFAULT NULL,
  PRIMARY KEY (`id`)
) ENGINE=MyISAM  DEFAULT CHARSET=utf8 COLLATE=utf8_unicode_ci AUTO_INCREMENT=33 ;

--
-- Dumping data for table `tbl_lang`
--

INSERT INTO `tbl_lang` (`id`, `lang_name`, `is_enabled`) VALUES
(1, 'mandarin', 'No'),
(2, 'english', 'Yes'),
(3, 'spanish', 'No'),
(4, 'hindi', 'No'),
(5, 'russian', 'No'),
(6, 'arabic', 'No'),
(7, 'portuguese', 'No'),
(8, 'bengali', 'No'),
(9, 'french', 'Yes'),
(10, 'Malay', 'No'),
(11, 'indonesian', 'No'),
(12, 'german', 'No'),
(13, 'japanese', 'No'),
(14, 'farsi', 'No'),
(15, 'urdu', 'No'),
(16, 'punjabi', 'No'),
(17, 'wu', 'No'),
(18, 'vietnamese', 'No'),
(19, 'javanese', 'No'),
(20, 'tamil', 'No'),
(21, 'korean', 'No'),
(22, 'turkish', 'No'),
(23, 'telugu', 'No'),
(24, 'marathi', 'No'),
(25, 'italian', 'No'),
(26, 'thai', 'No'),
(27, 'burmese', 'No'),
(28, 'cantonese', 'No'),
(29, 'kannada', 'No'),
(30, 'gujarati', 'No'),
(31, 'Polish', 'No'),
(32, 'swedish', 'Yes');

-- --------------------------------------------------------

--
-- Table structure for table `tbl_lang_fields`
--

CREATE TABLE IF NOT EXISTS `tbl_lang_fields` (
  `id` int(11) NOT NULL AUTO_INCREMENT,
  `name` varchar(500) DEFAULT NULL,
  PRIMARY KEY (`id`)
) ENGINE=MyISAM  DEFAULT CHARSET=latin1 AUTO_INCREMENT=37 ;

--
-- Dumping data for table `tbl_lang_fields`
--

INSERT INTO `tbl_lang_fields` (`id`, `name`) VALUES
(1, 'Name'),
(2, 'Email'),
(3, 'Subject'),
(4, 'Message'),
(5, 'Cart'),
(6, 'Empty'),
(7, 'Total'),
(8, 'Newsletter'),
(9, 'Checkout'),
(10, 'Method of Payment'),
(11, 'Enter your social security number if you want us to automatically <br/> will get your address. It is only with the purchase by invoice <br/> social security number is mandatory.'),
(13, 'Get address'),
(15, 'First Name'),
(17, 'Last Name'),
(19, 'Mail'),
(21, 'Street Address'),
(23, 'zip code'),
(25, 'Location'),
(27, 'Invoice'),
(29, 'Brief'),
(31, 'Deliver as a gift or to another address?'),
(33, 'Read more'),
(35, 'Learn more about our payment methods'),
(36, 'zxczxczx');

-- --------------------------------------------------------

--
-- Table structure for table `tbl_mail_template`
--

CREATE TABLE IF NOT EXISTS `tbl_mail_template` (
  `mt_id` int(11) NOT NULL AUTO_INCREMENT,
  `mt_name` varchar(255) DEFAULT NULL,
  `mt_from_email` varchar(255) DEFAULT NULL,
  `mt_from_name` varchar(255) DEFAULT NULL,
  `mt_subject` varchar(255) DEFAULT NULL,
  `mt_text` text,
  `mt_enabled` int(11) DEFAULT NULL,
  PRIMARY KEY (`mt_id`),
  UNIQUE KEY `mt_name` (`mt_name`)
) ENGINE=InnoDB  DEFAULT CHARSET=latin1 AUTO_INCREMENT=2 ;

--
-- Dumping data for table `tbl_mail_template`
--

INSERT INTO `tbl_mail_template` (`mt_id`, `mt_name`, `mt_from_email`, `mt_from_name`, `mt_subject`, `mt_text`, `mt_enabled`) VALUES
(1, 'Registration Email', 'info@pluspro.com', 'pluspro Customer Care', 'Registration has been completed successfully', '<html>\r\n    <body style="background-color: #F9F1DC; background-image: url(''http://server4.monaranet.com/~theiceho/html/images/bgpatterns.png'');">\r\n        \r\n        \r\n        <p>\r\n            Hello [customer_name],\r\n        </p>\r\n        <BR/>\r\n        <p>\r\n            Some text goes here......\r\n        </p>\r\n        <BR/>\r\n        <p>\r\n            Username : [user_name]\r\n        </p>\r\n        <BR/>\r\n         <p>\r\n            Password : [user_password]\r\n        </p>\r\n        <p>\r\n            Thank you goes here......\r\n        </p>\r\n    </body>\r\n</html>', 1);

-- --------------------------------------------------------

--
-- Table structure for table `tbl_menu`
--

CREATE TABLE IF NOT EXISTS `tbl_menu` (
  `id` int(11) NOT NULL AUTO_INCREMENT,
  `menu_name` varchar(50) DEFAULT NULL,
  `display_order` int(11) DEFAULT '1',
  `status` enum('Enable','Disable') DEFAULT NULL,
  PRIMARY KEY (`id`)
) ENGINE=MyISAM  DEFAULT CHARSET=utf8 AUTO_INCREMENT=21 ;

--
-- Dumping data for table `tbl_menu`
--

INSERT INTO `tbl_menu` (`id`, `menu_name`, `display_order`, `status`) VALUES
(17, 'sample size', 5, 'Enable'),
(13, 'Color', 1, 'Enable'),
(12, 'size', 3, 'Enable'),
(18, 'test menu', 2, 'Enable'),
(15, 'Materials', 2, 'Enable'),
(19, 'test menu', 6, 'Enable'),
(20, 'sampl color', 10, 'Enable');

-- --------------------------------------------------------

--
-- Table structure for table `tbl_modules`
--

CREATE TABLE IF NOT EXISTS `tbl_modules` (
  `id` int(11) NOT NULL AUTO_INCREMENT,
  `module_name` varchar(50) DEFAULT NULL,
  `Is_Enabled` enum('Yes','No') DEFAULT NULL,
  `module_label` varchar(35) DEFAULT NULL,
  PRIMARY KEY (`id`)
) ENGINE=MyISAM  DEFAULT CHARSET=latin1 AUTO_INCREMENT=15 ;

--
-- Dumping data for table `tbl_modules`
--

INSERT INTO `tbl_modules` (`id`, `module_name`, `Is_Enabled`, `module_label`) VALUES
(1, 'cms', 'Yes', 'PlusPro CMS'),
(2, 'translation', 'No', 'Website localization'),
(3, 'news', 'No', 'News'),
(4, 'image_gallery', 'No', 'Image Gallery'),
(5, 'restaurants_menu', 'No', 'Restaurant''s Menu'),
(6, 'home_slider_banner', 'No', 'Home Slider Banner'),
(7, 'site_contents', 'Yes', 'Site Contents'),
(8, 'Product', 'No', 'Product Management'),
(9, 'Order', 'Yes', 'Order'),
(10, 'customer', 'Yes', 'Customer'),
(11, 'Testimonial', 'No', 'Testimonial'),
(12, 'Product', 'Yes', 'Product'),
(13, 'Subcribe', 'Yes', 'Subcribe'),
(14, 'Currency', 'Yes', 'Currency');

-- --------------------------------------------------------

--
-- Table structure for table `tbl_module_links`
--

CREATE TABLE IF NOT EXISTS `tbl_module_links` (
  `id` int(11) NOT NULL AUTO_INCREMENT,
  `module_link_name` varchar(50) DEFAULT NULL,
  `Is_Enabled` enum('Yes','No') DEFAULT NULL,
  `module_link_label` varchar(35) DEFAULT NULL,
  `module_id` int(11) DEFAULT NULL,
  `display_order` int(11) DEFAULT NULL,
  PRIMARY KEY (`id`)
) ENGINE=MyISAM  DEFAULT CHARSET=latin1 AUTO_INCREMENT=40 ;

--
-- Dumping data for table `tbl_module_links`
--

INSERT INTO `tbl_module_links` (`id`, `module_link_name`, `Is_Enabled`, `module_link_label`, `module_id`, `display_order`) VALUES
(1, 'add_a_page', 'Yes', 'Add a Page', 1, 1),
(2, 'edit_pages', 'Yes', 'Edit Pages', 1, 2),
(3, 'view_all_phrases', 'No', 'View all Phrases', 2, 1),
(4, 'add_phrase', 'No', 'Add Phrase', 2, 2),
(5, 'view_all_news', 'No', 'View All News', 3, 1),
(6, 'add_news', 'No', 'Add News', 3, 2),
(7, 'view_galleries', 'Yes', 'View Galleries', 4, 1),
(8, 'add_gallery', 'Yes', 'Add Gallery', 4, 2),
(9, 'view_all_menus', 'No', 'View All Menus', 5, 1),
(10, 'add_new_menu', 'No', 'Add New Menu', 5, 2),
(11, 'side_bar_contents', 'No', 'Side Bar Contents', 7, 1),
(12, 'add_side_bar_contents', 'No', 'Add Side Bar Contents', 7, 2),
(13, 'site_contents', 'No', 'Site Contents', 7, 3),
(14, 'add_site_contents', 'No', 'Add Site Contents', 7, 4),
(15, 'view_all_home_banners', 'Yes', 'View All Home Banners', 7, 5),
(16, 'add_banner', 'Yes', 'Add Banner', 7, 6),
(17, 'product_listing', 'No', 'View All Products', 8, 1),
(18, 'add_product', 'No', 'Add New Product', 8, 2),
(19, 'view_all_categories', 'No', 'View All Categories', 8, 3),
(20, 'add_new_category', 'No', 'Add New Category', 8, 4),
(21, 'side_bar_contents_header', 'No', 'Header', 7, 1),
(22, 'side_bar_contents_middle_left', 'No', 'Middle Left', 7, 2),
(23, 'side_bar_contents_middle_right', 'No', 'Middle Right', 7, 3),
(24, 'side_bar_contents_footer', 'No', 'Footer', 7, 4),
(25, 'opening_times', 'Yes', 'Opening Times', 7, 5),
(26, 'view_all_orders', 'Yes', 'View all orders', 9, 1),
(27, 'special_offers', 'Yes', 'Special Offers', 8, 3),
(28, 'featured_products', 'Yes', 'Featured Products', 8, 4),
(29, 'manage_customer', 'Yes', 'Manage Customer', 10, 1),
(30, 'View Testimonial', 'Yes', 'View Testimonial', 11, 2),
(31, 'manage_testimonial', 'Yes', 'manage_testimonial', 11, 2),
(32, 'add_new_testimonial', 'Yes', 'add_new_testimonial', 11, 1),
(33, 'product_listing', 'Yes', 'View All Products', 12, 1),
(34, 'add_product', 'Yes', 'Add New Product', 12, 2),
(35, 'view_all_categories', 'Yes', 'View All Categories', 12, 3),
(36, 'add_new_category', 'Yes', 'Add New Category', 12, 4),
(37, 'manage_subcribe', 'Yes', 'Manage Subcribe', 13, 1),
(38, 'manage_currency', 'Yes', 'Manage Currency', 14, 1),
(39, 'product_display', 'Yes', 'Product Display Settings', 8, 7);

-- --------------------------------------------------------

--
-- Table structure for table `tbl_object_size_map`
--

CREATE TABLE IF NOT EXISTS `tbl_object_size_map` (
  `id` int(11) NOT NULL AUTO_INCREMENT,
  `size_id` int(11) DEFAULT NULL,
  `size_rel_id` int(11) DEFAULT NULL,
  `size_stock` int(11) DEFAULT NULL,
  PRIMARY KEY (`id`)
) ENGINE=MyISAM  DEFAULT CHARSET=latin1 AUTO_INCREMENT=290 ;

--
-- Dumping data for table `tbl_object_size_map`
--

INSERT INTO `tbl_object_size_map` (`id`, `size_id`, `size_rel_id`, `size_stock`) VALUES
(1, 1, 1, 20),
(2, 2, 1, 25),
(3, 13, 1, 155),
(4, 12, 12, 100),
(5, 13, 12, 100),
(6, 14, 12, 100),
(7, 15, 12, 100),
(8, 16, 12, 100),
(9, 1, 100, 100),
(10, 2, 100, 100),
(11, 3, 100, 100),
(12, 4, 100, 100),
(13, 5, 100, 100),
(14, 6, 100, 100),
(15, 7, 100, 100),
(16, 8, 100, 100),
(17, 9, 7, 100),
(18, 10, 7, 100),
(19, 11, 7, 100),
(20, 9, 8, 100),
(21, 10, 8, 100),
(22, 11, 8, 100),
(23, 12, 14, 100),
(24, 13, 14, 100),
(25, 14, 14, 100),
(26, 15, 14, 100),
(27, 16, 14, 100),
(28, 12, 15, 100),
(29, 13, 15, 100),
(30, 14, 15, 100),
(31, 15, 15, 100),
(32, 16, 15, 100),
(33, 12, 16, 100),
(34, 13, 16, 100),
(35, 14, 16, 100),
(36, 15, 16, 100),
(37, 16, 16, 100),
(38, 12, 17, 100),
(39, 13, 17, 100),
(40, 14, 17, 100),
(42, 15, 17, 100),
(43, 16, 17, 100),
(44, 12, 29, 100),
(45, 13, 29, 100),
(46, 14, 29, 100),
(49, 16, 29, 100),
(48, 15, 29, 100),
(50, 12, 38, 100),
(51, 13, 38, 100),
(52, 14, 38, 100),
(53, 15, 38, 100),
(54, 16, 38, 100),
(55, 12, 46, 100),
(56, 13, 46, 100),
(57, 14, 46, 100),
(58, 15, 46, 100),
(59, 16, 46, 100),
(60, 12, 48, 100),
(61, 13, 48, 100),
(62, 14, 48, 100),
(63, 15, 48, 100),
(64, 16, 48, 100),
(65, 12, 5, 100),
(66, 13, 5, 100),
(67, 14, 5, 100),
(68, 15, 5, 100),
(69, 16, 5, 100),
(70, 12, 45, 100),
(71, 13, 45, 100),
(72, 14, 45, 100),
(73, 15, 45, 100),
(74, 16, 45, 100),
(75, 12, 47, 100),
(76, 13, 47, 100),
(77, 14, 47, 100),
(78, 15, 47, 100),
(79, 16, 47, 100),
(80, 12, 50, 100),
(81, 13, 50, 100),
(82, 14, 50, 100),
(83, 15, 50, 100),
(84, 16, 50, 100),
(85, 12, 95, 100),
(86, 13, 95, 100),
(87, 14, 95, 100),
(88, 15, 95, 100),
(89, 16, 95, 100),
(90, 12, 4, 100),
(91, 13, 4, 100),
(92, 14, 4, 100),
(96, 12, 21, 100),
(94, 15, 4, 100),
(95, 16, 4, 100),
(97, 13, 21, 100),
(98, 14, 21, 100),
(99, 15, 21, 100),
(100, 16, 21, 100),
(101, 12, 40, 100),
(102, 13, 40, 100),
(103, 14, 40, 100),
(104, 15, 40, 100),
(105, 16, 40, 100),
(106, 12, 41, 100),
(107, 13, 41, 100),
(108, 14, 41, 100),
(109, 15, 41, 100),
(110, 16, 41, 100),
(111, 12, 44, 100),
(112, 13, 44, 100),
(113, 14, 44, 100),
(114, 15, 44, 100),
(115, 16, 44, 100),
(116, 12, 52, 100),
(117, 13, 52, 100),
(118, 14, 52, 100),
(119, 15, 52, 100),
(120, 16, 52, 100),
(121, 12, 54, 100),
(122, 13, 54, 100),
(123, 14, 54, 100),
(124, 15, 54, 100),
(125, 16, 54, 100),
(126, 12, 55, 100),
(127, 13, 55, 100),
(128, 14, 55, 100),
(129, 15, 55, 100),
(130, 16, 55, 100),
(131, 12, 58, 100),
(132, 13, 58, 100),
(133, 14, 58, 100),
(134, 15, 58, 100),
(135, 16, 58, 100),
(136, 12, 61, 100),
(137, 13, 61, 100),
(138, 14, 61, 100),
(139, 14, 61, 100),
(140, 15, 61, 100),
(141, 16, 61, 100),
(142, 12, 6, 100),
(143, 13, 6, 100),
(144, 14, 6, 100),
(145, 15, 6, 100),
(146, 16, 6, 100),
(147, 12, 22, 100),
(148, 13, 22, 100),
(149, 14, 22, 100),
(150, 15, 22, 100),
(151, 16, 22, 100),
(152, 12, 23, 100),
(153, 13, 23, 100),
(154, 14, 23, 100),
(155, 15, 23, 100),
(156, 16, 23, 100),
(157, 12, 71, 100),
(158, 13, 71, 100),
(159, 14, 71, 100),
(160, 15, 71, 100),
(161, 16, 71, 100),
(162, 12, 88, 100),
(163, 13, 88, 100),
(164, 14, 88, 100),
(165, 15, 88, 100),
(166, 16, 88, 100),
(167, 12, 90, 100),
(168, 13, 90, 100),
(169, 14, 90, 100),
(170, 15, 90, 100),
(178, 14, 94, 100),
(177, 13, 94, 100),
(176, 12, 94, 100),
(175, 16, 90, 100),
(179, 15, 94, 100),
(180, 16, 94, 100),
(181, 12, 97, 100),
(182, 13, 97, 100),
(183, 14, 97, 100),
(184, 15, 97, 100),
(185, 16, 97, 100),
(186, 12, 9, 100),
(187, 13, 9, 100),
(188, 14, 9, 100),
(189, 15, 9, 100),
(190, 16, 9, 100),
(191, 12, 11, 100),
(192, 13, 11, 100),
(193, 14, 11, 100),
(194, 15, 11, 100),
(195, 16, 11, 100),
(196, 12, 62, 100),
(197, 13, 62, 100),
(198, 14, 62, 100),
(200, 15, 62, 100),
(201, 16, 62, 100),
(202, 12, 64, 100),
(203, 13, 64, 100),
(204, 14, 64, 100),
(205, 15, 64, 100),
(206, 16, 64, 100),
(207, 12, 74, 100),
(208, 13, 74, 100),
(209, 14, 74, 100),
(210, 15, 74, 100),
(211, 16, 74, 100),
(212, 12, 91, 100),
(213, 13, 91, 100),
(214, 14, 91, 100),
(215, 15, 91, 100),
(216, 16, 91, 100),
(217, 12, 20, 100),
(218, 13, 20, 100),
(219, 14, 20, 100),
(220, 15, 20, 100),
(221, 16, 20, 100),
(222, 12, 24, 100),
(223, 13, 24, 100),
(224, 14, 24, 100),
(225, 15, 24, 100),
(226, 16, 24, 100),
(227, 12, 26, 100),
(228, 13, 26, 100),
(229, 14, 26, 100),
(230, 15, 26, 100),
(231, 16, 26, 100),
(232, 12, 30, 100),
(233, 13, 30, 100),
(234, 14, 30, 100),
(235, 15, 30, 100),
(236, 16, 30, 100),
(237, 12, 53, 100),
(238, 13, 53, 100),
(239, 14, 53, 100),
(240, 15, 53, 100),
(241, 16, 53, 100),
(242, 12, 68, 100),
(243, 13, 68, 100),
(244, 14, 68, 100),
(245, 15, 68, 100),
(246, 16, 68, 100),
(247, 12, 98, 100),
(248, 13, 98, 100),
(249, 14, 98, 100),
(250, 15, 98, 100),
(251, 16, 98, 100),
(252, 16, 98, 100),
(253, 12, 99, 100),
(254, 13, 99, 100),
(255, 14, 99, 100),
(256, 15, 99, 100),
(257, 16, 99, 100),
(258, 12, 19, 100),
(259, 13, 19, 100),
(260, 14, 19, 100),
(261, 15, 19, 100),
(262, 16, 19, 100),
(263, 12, 27, 100),
(264, 13, 27, 100),
(265, 14, 27, 100),
(266, 15, 27, 100),
(267, 16, 27, 100),
(268, 12, 34, 100),
(269, 13, 34, 100),
(270, 14, 34, 100),
(271, 15, 34, 100),
(272, 16, 34, 100),
(273, 12, 57, 100),
(274, 13, 57, 100),
(275, 14, 57, 100),
(276, 15, 57, 100),
(277, 16, 57, 100),
(287, 14, 63, 100),
(286, 13, 63, 100),
(285, 12, 63, 100),
(288, 15, 63, 100),
(289, 16, 63, 100);

-- --------------------------------------------------------

--
-- Table structure for table `tbl_order`
--

CREATE TABLE IF NOT EXISTS `tbl_order` (
  `id` int(11) NOT NULL AUTO_INCREMENT,
  `customerId` int(11) DEFAULT NULL,
  `order_date` datetime DEFAULT NULL,
  `order_status` enum('SHIPPED','PENDING') DEFAULT NULL,
  `payment_status` enum('PENDING','COMPLETED') DEFAULT NULL,
  `sub_total` decimal(9,2) DEFAULT NULL,
  `shipping_amount` decimal(9,2) DEFAULT NULL,
  `grand_total` decimal(9,2) DEFAULT NULL,
  `payment_method` enum('PayPal','SecureTrading','cash','sage') DEFAULT NULL,
  PRIMARY KEY (`id`)
) ENGINE=InnoDB  DEFAULT CHARSET=latin1 AUTO_INCREMENT=10076 ;

--
-- Dumping data for table `tbl_order`
--

INSERT INTO `tbl_order` (`id`, `customerId`, `order_date`, `order_status`, `payment_status`, `sub_total`, `shipping_amount`, `grand_total`, `payment_method`) VALUES
(10063, 7, '2013-10-24 11:21:38', 'PENDING', 'PENDING', '550.00', '25.00', '575.00', 'PayPal'),
(10064, 20, '2013-10-24 12:29:44', 'PENDING', 'PENDING', '800.00', '25.00', '825.00', 'PayPal'),
(10065, 20, '2013-10-24 13:29:38', 'PENDING', 'PENDING', '800.00', '5.00', '805.00', 'PayPal'),
(10066, 20, '2013-10-24 13:29:55', 'PENDING', 'PENDING', '800.00', '5.00', '805.00', 'cash'),
(10068, 7, '2013-12-09 12:55:01', 'PENDING', 'PENDING', '350.00', '5.00', '355.00', 'PayPal'),
(10070, 7, '2013-12-24 11:55:17', 'PENDING', 'PENDING', '0.00', '10.00', '10.00', 'PayPal'),
(10071, 7, '2013-12-30 05:52:27', 'PENDING', 'PENDING', '0.00', '5.00', '5.00', 'cash'),
(10072, 7, '2013-12-30 05:55:40', 'PENDING', 'PENDING', '0.00', '5.00', '5.00', 'PayPal'),
(10073, 7, '2013-12-30 05:58:00', 'PENDING', 'PENDING', '0.00', '5.00', '5.00', 'PayPal'),
(10074, 40, '2013-12-30 07:17:07', 'PENDING', 'PENDING', '0.00', '5.00', '5.00', 'cash'),
(10075, 7, '2013-12-31 11:03:51', 'PENDING', 'PENDING', '0.00', '5.00', '5.00', 'cash');

-- --------------------------------------------------------

--
-- Table structure for table `tbl_order_items`
--

CREATE TABLE IF NOT EXISTS `tbl_order_items` (
  `id` int(11) NOT NULL AUTO_INCREMENT,
  `order_id` int(11) DEFAULT NULL,
  `productId` int(11) DEFAULT NULL,
  `productQty` int(11) DEFAULT NULL,
  `product_price` decimal(9,2) DEFAULT NULL,
  PRIMARY KEY (`id`)
) ENGINE=InnoDB  DEFAULT CHARSET=latin1 AUTO_INCREMENT=112 ;

--
-- Dumping data for table `tbl_order_items`
--

INSERT INTO `tbl_order_items` (`id`, `order_id`, `productId`, `productQty`, `product_price`) VALUES
(1, 10001, 2, 1, '14.95'),
(2, 10001, 3, 1, '14.95'),
(3, 10001, 4, 1, '14.95'),
(4, 10002, 1, 1, '12.50'),
(5, 10005, 2, 3, '180.00'),
(6, 10006, 4, 3, '214.00'),
(7, 10006, 3, 1, '200.00'),
(8, 10007, 4, 3, '214.00'),
(9, 10007, 3, 1, '200.00'),
(10, 10008, 4, 3, '214.00'),
(11, 10008, 3, 1, '200.00'),
(12, 10009, 4, 3, '214.00'),
(13, 10009, 3, 1, '200.00'),
(14, 10010, 4, 3, '214.00'),
(15, 10010, 3, 1, '200.00'),
(16, 10011, 4, 3, '214.00'),
(17, 10011, 3, 2, '200.00'),
(18, 10012, 4, 3, '214.00'),
(19, 10012, 3, 2, '200.00'),
(20, 10013, 2, 1, '180.00'),
(21, 10014, 3, 1, '200.00'),
(22, 10015, 6, 2, '10.00'),
(23, 10015, 7, 3, '5.00'),
(24, 10015, 5, 1, '26.99'),
(25, 10016, 6, 3, '10.00'),
(26, 10016, 7, 3, '5.00'),
(27, 10016, 5, 1, '26.99'),
(28, 10017, 6, 4, '10.00'),
(29, 10017, 7, 3, '5.00'),
(30, 10017, 5, 1, '26.99'),
(31, 10018, 6, 4, '10.00'),
(32, 10018, 7, 3, '5.00'),
(33, 10018, 5, 1, '26.99'),
(34, 10019, 6, 4, '10.00'),
(35, 10019, 7, 4, '5.00'),
(36, 10019, 5, 1, '26.99'),
(37, 10020, 6, 1, '10.00'),
(38, 10021, 6, 1, '10.00'),
(39, 10022, 6, 1, '10.00'),
(40, 10023, 6, 2, '10.00'),
(41, 10024, 7, 1, '5.00'),
(42, 10025, 7, 1, '5.00'),
(43, 10026, 7, 2, '5.00'),
(44, 10027, 6, 5, '10.00'),
(45, 10027, 7, 1, '5.00'),
(46, 10028, 6, 6, '10.00'),
(47, 10028, 7, 1, '5.00'),
(48, 10030, 5, 1, '26.99'),
(49, 10030, 7, 1, '5.00'),
(50, 10031, 6, 1, '10.00'),
(51, 10032, 6, 5, '10.00'),
(52, 10033, 6, 5, '10.00'),
(53, 10034, 6, 5, '10.00'),
(54, 10035, 6, 5, '10.00'),
(55, 10036, 6, 5, '10.00'),
(56, 10037, 6, 5, '10.00'),
(57, 10038, 6, 7, '10.00'),
(58, 10038, 5, 1, '26.99'),
(59, 10039, 6, 7, '10.00'),
(60, 10039, 5, 1, '26.99'),
(61, 10040, 6, 7, '10.00'),
(62, 10040, 5, 1, '26.99'),
(63, 10041, 6, 7, '10.00'),
(64, 10041, 5, 1, '26.99'),
(65, 10042, 5, 1, '26.99'),
(66, 10043, 5, 1, '26.99'),
(67, 10044, 5, 1, '26.99'),
(68, 10044, 6, 1, '10.00'),
(69, 10045, 5, 1, '26.99'),
(70, 10045, 6, 1, '10.00'),
(71, 10046, 5, 1, '26.99'),
(72, 10046, 6, 1, '10.00'),
(73, 10047, 5, 1, '26.99'),
(74, 10047, 6, 1, '10.00'),
(75, 10052, 6, 3, '10.00'),
(76, 10052, 7, 1, '5.00'),
(77, 10053, 6, 4, '10.00'),
(78, 10054, 6, 1, '10.00'),
(79, 10054, 7, 1, '5.00'),
(80, 10055, 6, 1, '10.00'),
(81, 10055, 7, 1, '5.00'),
(82, 10056, 6, 1, '10.00'),
(83, 10056, 7, 1, '5.00'),
(84, 10057, 6, 1, '10.00'),
(85, 10057, 7, 1, '5.00'),
(86, 10058, 6, 1, '10.00'),
(87, 10058, 7, 1, '5.00'),
(88, 10059, 6, 1, '10.00'),
(89, 10059, 7, 1, '5.00'),
(90, 10060, 6, 1, '10.00'),
(91, 10060, 7, 1, '5.00'),
(92, 10061, 5, 2, '26.99'),
(93, 10062, 14, 1, '50.00'),
(94, 10062, 13, 10, '50.00'),
(95, 10063, 14, 1, '50.00'),
(96, 10063, 13, 10, '50.00'),
(97, 10064, 14, 1, '50.00'),
(98, 10064, 13, 10, '50.00'),
(99, 10064, 16, 1, '250.00'),
(100, 10065, 14, 1, '50.00'),
(101, 10065, 13, 10, '50.00'),
(102, 10065, 16, 1, '250.00'),
(103, 10066, 14, 1, '50.00'),
(104, 10066, 13, 10, '50.00'),
(105, 10066, 16, 1, '250.00'),
(106, 10067, 14, 1, '50.00'),
(107, 10068, 14, 1, '50.00'),
(108, 10068, 6, 1, '300.00'),
(109, 10069, 14, 1, '50.00'),
(110, 10069, 6, 15, '300.00'),
(111, 10069, 102, 55, '0.00');

-- --------------------------------------------------------

--
-- Table structure for table `tbl_page_contents`
--

CREATE TABLE IF NOT EXISTS `tbl_page_contents` (
  `id` int(11) NOT NULL AUTO_INCREMENT,
  `title` varchar(250) DEFAULT NULL,
  `display_order` int(11) DEFAULT NULL,
  `contents` text,
  `content_type` enum('TOP_CONTENT','COLUMN_CONTENT','TESTAMONIAL','MIDDEL_CONTENT','BOTTOM CONTENT') DEFAULT NULL,
  `page_id` int(11) DEFAULT NULL,
  `content_main_image` varchar(50) DEFAULT NULL,
  `content_link` varchar(255) DEFAULT NULL,
  `page_type` enum('homePage','mainPage','contactUsPage','sub_pages','sec_sub_pages') DEFAULT NULL,
  PRIMARY KEY (`id`)
) ENGINE=MyISAM  DEFAULT CHARSET=latin1 AUTO_INCREMENT=27 ;

--
-- Dumping data for table `tbl_page_contents`
--

INSERT INTO `tbl_page_contents` (`id`, `title`, `display_order`, `contents`, `content_type`, `page_id`, `content_main_image`, `content_link`, `page_type`) VALUES
(1, 'All This Week', 0, '<h2>$29.99</h2>\r\n\r\n<h3>Same day<br />\r\ndelivery available</h3>\r\n\r\n<span>More</span>\r\n', 'COLUMN_CONTENT', 1, '1386670576.png', '#', 'homePage'),
(2, '', 0, '  ', 'COLUMN_CONTENT', 6, '1371458224.jpg', '', 'mainPage'),
(3, '', 0, '<ul>\r\n	<li>Service 1</li>\r\n	<li>Service 2</li>\r\n	<li>Service 3</li>\r\n	<li>Service 4</li>\r\n	<li>Service 5</li>\r\n	<li>Service 6</li>\r\n	<li>Service 7</li>\r\n	<li>Service 8</li>\r\n	<li>Service 9</li>\r\n	<li>Service 10</li>\r\n	<li>Service 11</li>\r\n	<li>Service 12</li>\r\n</ul>\r\n', 'BOTTOM CONTENT', 4, '1371466289.jpg', '', 'mainPage'),
(4, 'Sneak Vape Vaporizer Description', 0, '      <p>Sneak Vape vaporizer boasts a compact 4 piece design, complete with a built in butane-refillable torch lighter. Each Sneak Vape piece has its on specific use.</p>\r\n\r\n<p>The first piece is the torch lighter, which can be refilled anytime with butane gas. The metal screen on the second piece is where the herb is stashed. In the next piece you will find the charcoal filter which protects your lungs and retains unwanted particles. Finally, there is the mouth piece, which is made from a special rubber to be flexible and easy to use.</p>\r\n\r\n<p>Sneak Vape vaporizer comes in five colors (black, silver, red, green and blue). This is the best deal you can get for the smallest and most discrete vaporizer on the market!</p>\r\n      ', 'TOP_CONTENT', 1, '', '', 'homePage'),
(5, 'Get in touch', 0, '<p><small>Track the latest collections and offers at Winstyle.</small></p>\r\n\r\n<p><strong>Sign up for our newsletter and get a free Voucher!</strong></p>\r\n', 'TESTAMONIAL', 1, '1379315742.png', '', 'homePage'),
(6, '', 0, '<p>Sneakvape.com online store for the world&rsquo;s most portable herbal vaporizer and 420 grinder. If you are looking for the most discrete, portable and inexpensive herbal vaporizer or grinder, you found it</p>\r\n', 'TESTAMONIAL', 7, '', '', 'mainPage'),
(7, 'As a brief, the main benefits when using this herbal vaporizer are:', 0, '<p>As a brief, the main benefits when using this herbal vaporizer are:</p>\r\n\r\n<ul>\r\n	<li>The most <strong>affordable vaporizer</strong> - only $39.99 plus BONUS Portable Pollen Press.</li>\r\n	<li><strong>Portable</strong> vaporizer;</li>\r\n	<li><strong>Compact and discrete</strong> herbal vaporizer.</li>\r\n</ul>\r\n', 'TOP_CONTENT', 7, '', '', 'mainPage'),
(8, 'Sneak Vape Features:', 1, '<p>Sneak Vape herbal vaporizer feature a 4 piece design and a metal body. This vaporizer is long lasting and has the advantage that each part is replaceable so you don&#39;t need to buy a new one in case something breaks.</p>\r\n\r\n<p>The first piece is the ligher with the butane gas inside, the second part features the metal screen on which the herb is placed then you have the partthat enables you to place the herbs and the charcoal filter and finally the mouth piece.</p>\r\n', 'TOP_CONTENT', 7, '', '', 'mainPage'),
(9, 'Briefly the main Sneak Vape main features are:', 2, '<p>Briefly the main Sneak Vape main features are:</p>\r\n\r\n<ul>\r\n	<li>Compact, 4 piece design.</li>\r\n	<li>Metal body;</li>\r\n	<li>Size of a regular cigar;</li>\r\n	<li>Works with butane gas;</li>\r\n	<li>Available in 5 colors: black, silver, blue, green, and red.</li>\r\n	<li>Bonus Portable Pollen Press.</li>\r\n</ul>\r\n', 'TOP_CONTENT', 7, '', '', 'mainPage'),
(10, '', 3, '', 'TOP_CONTENT', 7, '', '', 'mainPage'),
(11, 'tessd', 0, '                    ', 'COLUMN_CONTENT', 7, '1374567089.jpg', '', 'mainPage'),
(12, '1', 0, '', 'TESTAMONIAL', 9, '1374579691.jpg', '', 'mainPage'),
(13, '2', 1, '', 'TESTAMONIAL', 9, '', '', 'mainPage'),
(14, '3', 2, '', 'TESTAMONIAL', 9, '', '', 'mainPage'),
(15, '4', 3, '', 'TESTAMONIAL', 9, '', '', 'mainPage'),
(16, 'Troubleshooting', 0, '  <p>Sometimes the butane lighter will not function. If this is the case, try removing the metal plate on the bottom of the lighter, fill it with butane and ensure that the adjustment screw on the bottom of the lighter is pointed towards the ‘+’ sign.</p>\r\n  ', 'TOP_CONTENT', 9, '', '', 'mainPage'),
(17, 'Caution', 1, '  <p>This unit contains a butane lighter. Improper use or care can result in injury or death.</p>\r\n  ', 'TOP_CONTENT', 9, '', '', 'mainPage'),
(18, '1', 0, '                    <p>Before your fir-st use it is best to check that the butane lighter portion of your sneak vape portable caporizer is working properly. If the lighter does not ignite, check that it is filled with butane and ensure that the adjustment screw on the bottom of the lighter is pointed toward the ‘+’ sign.</p>\r\n                    ', 'COLUMN_CONTENT', 9, '1379315962.jpg', '', 'mainPage'),
(19, '', 2, '', 'TOP_CONTENT', 9, '', '', 'mainPage'),
(20, '2', 1, '  <p>Screw the lighter (1) into the herb chamber (2).</p>\r\n  ', 'COLUMN_CONTENT', 9, '', '', 'mainPage'),
(21, '3', 2, '  <p>Place your herbs into the herb chamber (2)</p>\r\n  ', 'COLUMN_CONTENT', 9, '', '', 'mainPage'),
(22, '4', 3, '  <p>Screw on the closing piece (3) and put on the mouthpiece (4).</p>\r\n  ', 'COLUMN_CONTENT', 9, '', '', 'mainPage'),
(23, '5', 4, '  <p>When you are ready to use your Sneak Vape, ignite the torch lighter in short 2-4 second bursts until the vapor emerges from the mouthpiece.</p>\r\n  ', 'COLUMN_CONTENT', 9, '', '', 'mainPage'),
(24, 'Comfortable', 1, '                  ', 'TESTAMONIAL', 1, '1379315753.png', '', 'homePage'),
(25, 'Safety', 2, '                  ', 'TESTAMONIAL', 1, '1379315763.png', '', 'homePage'),
(26, 'Service', 3, '                  ', 'TESTAMONIAL', 1, '1379315793.png', '', 'homePage');

-- --------------------------------------------------------

--
-- Table structure for table `tbl_phrases`
--

CREATE TABLE IF NOT EXISTS `tbl_phrases` (
  `id` int(11) NOT NULL AUTO_INCREMENT,
  `tbl_lang_id` int(11) DEFAULT NULL,
  `phrase_type` varchar(255) COLLATE utf8_unicode_ci DEFAULT NULL,
  `phrase_name` varchar(255) COLLATE utf8_unicode_ci DEFAULT NULL,
  `phrase_text` text COLLATE utf8_unicode_ci,
  `tbl_content_table_name` varchar(35) COLLATE utf8_unicode_ci DEFAULT NULL,
  `tbl_content_id` int(11) DEFAULT NULL,
  PRIMARY KEY (`id`)
) ENGINE=MyISAM  DEFAULT CHARSET=utf8 COLLATE=utf8_unicode_ci AUTO_INCREMENT=3 ;

--
-- Dumping data for table `tbl_phrases`
--

INSERT INTO `tbl_phrases` (`id`, `tbl_lang_id`, `phrase_type`, `phrase_name`, `phrase_text`, `tbl_content_table_name`, `tbl_content_id`) VALUES
(2, 2, 'tbl_lang_fields', 'name', 'sdsf', 'tbl_lang_fields', 29);

-- --------------------------------------------------------

--
-- Table structure for table `tbl_product`
--

CREATE TABLE IF NOT EXISTS `tbl_product` (
  `id` int(11) NOT NULL AUTO_INCREMENT,
  `product_name` varchar(250) DEFAULT NULL,
  `product_small_description` varchar(255) DEFAULT NULL,
  `unit_price` decimal(9,2) DEFAULT NULL,
  `discount_price` decimal(9,2) DEFAULT NULL,
  `price_currency` int(11) DEFAULT NULL,
  `weight_unit` enum('g','kg') NOT NULL DEFAULT 'g',
  `product_weight` decimal(12,2) NOT NULL DEFAULT '0.00',
  `stock_in_hand` int(11) DEFAULT NULL,
  `reorder_level` int(11) DEFAULT NULL,
  `tbl_category_id` int(11) DEFAULT NULL,
  `added_on` datetime DEFAULT NULL,
  `added_by` varchar(150) DEFAULT NULL,
  `status` enum('Published','Draft') DEFAULT NULL,
  `is_featured` enum('yes','no') DEFAULT 'no',
  `product_description` text,
  `keywords` varchar(255) DEFAULT NULL,
  `display_order` int(11) DEFAULT NULL,
  `product_code` varchar(25) DEFAULT NULL,
  `is_special_offers` varchar(35) DEFAULT 'No',
  `product_brand` int(11) DEFAULT NULL,
  `product_size` enum('Small','Medium','Large','Extra Large') DEFAULT NULL,
  PRIMARY KEY (`id`)
) ENGINE=MyISAM  DEFAULT CHARSET=latin1 AUTO_INCREMENT=108 ;

--
-- Dumping data for table `tbl_product`
--

INSERT INTO `tbl_product` (`id`, `product_name`, `product_small_description`, `unit_price`, `discount_price`, `price_currency`, `weight_unit`, `product_weight`, `stock_in_hand`, `reorder_level`, `tbl_category_id`, `added_on`, `added_by`, `status`, `is_featured`, `product_description`, `keywords`, `display_order`, `product_code`, `is_special_offers`, `product_brand`, `product_size`) VALUES
(1, 'Farah Vintage Shirt', 'Farah Vintage Shirt with Short Sleeves', '50.99', '20.00', 2, 'g', '200.00', 200, 10, 67, '2013-12-30 10:49:40', '1', 'Published', 'yes', '<p>From their birth in the 1920s, Farah Vintage has been adopted by subcultures across the board; from Mods to Skins and Rockabillies. Renowned for their classic canvas slacks and sharply cut tailoring, Farah Vintage retains its heritage across a collection of slim fitting polo shirts and checked flannel shirts</p>\r\n', 'Farah Vintage Shirt with Short Sleeves', 0, 'A 123', 'Yes', 1, ''),
(2, 'Antony Morato Shield Crew T-Shir', 'Antony Morato Shield Crew T-Shir', '35.00', '0.00', 2, 'g', '200.00', 2500, 100, 75, '2013-12-23 13:52:41', '1', 'Published', 'no', '<p>Antony Morato Shield Crew T-Shirt in Royal Blue. This slim fit crew neck tee features a metal logo badge to chest. It is a fantastic premium basic tee to go well with all your outfits. Please note we recommend you buy two sizes bigger than usual.</p>\r\n', 'Antony Morato Shield Crew T-Shir', 0, 'A 124', 'No', 6, ''),
(3, 'Farah Vintage Shirt', 'Farah Vintage Shirt', '12.99', '0.00', 1, 'g', '200.00', 100, 20, 74, '2013-12-11 12:31:38', '1', 'Published', 'no', '<p>From their birth in the 1920s, Farah Vintage has been adopted by subcultures across the board; from Mods to Skins and Rockabillies. Renowned for their classic canvas slacks and sharply cut tailoring, Farah Vintage retains its heritage across a collection of slim fitting polo shirts and checked flannel shirts</p>\r\n', 'Farah Vintage Shirt', 0, 'A 123', 'No', 10, ''),
(4, 'Jeans', 'Jeans', '18.99', '18.00', 1, 'g', '200.00', 100, 10, 4, '2013-06-26 06:13:33', '1', 'Published', 'yes', '<p>From their birth in the 1920s, Farah Vintage has been adopted by subcultures across the board; from Mods to Skins and Rockabillies. Renowned for their classic canvas slacks and sharply cut tailoring, Farah Vintage retains its heritage across a collection of slim fitting polo shirts and checked flannel shirts</p>\r\n', 'Jeans', 0, 'A 123', 'Yes', 3, 'Medium'),
(5, 'Jacket', ' Jacket', '19.00', '0.00', 1, 'g', '200.00', 50, 20, 9, '2013-06-26 06:16:04', '1', '', '', '<p>From their birth in the 1920s, Farah Vintage has been adopted by subcultures across the board; from Mods to Skins and Rockabillies. Renowned for their classic canvas slacks and sharply cut tailoring, Farah Vintage retains its heritage across a collection of slim fitting polo shirts and checked flannel shirts</p>\r\n', ' Jacket', 0, 'A 123', '', 2, 'Large'),
(6, 'Shorts', 'Shorts', '9.99', '9.00', 1, 'g', '200.00', 200, 50, 6, '2013-06-26 06:19:06', '1', 'Published', 'yes', '<p>From their birth in the 1920s, Farah Vintage has been adopted by subcultures across the board; from Mods to Skins and Rockabillies. Renowned for their classic canvas slacks and sharply cut tailoring, Farah Vintage retains its heritage across a collection of slim fitting polo shirts and checked flannel shirts</p>\r\n', 'Shorts', 0, 'A 123', 'Yes', 4, 'Medium'),
(7, 'Belt', 'Belt', '4.99', '0.00', 1, 'g', '200.00', 100, 10, 76, '2013-12-11 12:52:23', '1', 'Published', 'yes', '<p>From their birth in the 1920s, Farah Vintage has been adopted by subcultures across the board; from Mods to Skins and Rockabillies. Renowned for their classic canvas slacks and sharply cut tailoring, Farah Vintage retains its heritage across a collection of slim fitting polo shirts and checked flannel shirts</p>\r\n', 'Belt', 0, 'A 123', '', 3, ''),
(8, 'Foot wear', 'Foot wear', '3.00', '2.00', 1, 'g', '200.00', 200, 50, 77, '2013-12-11 12:43:42', '1', 'Published', 'yes', '<p>From their birth in the 1920s, Farah Vintage has been adopted by subcultures across the board; from Mods to Skins and Rockabillies. Renowned for their classic canvas slacks and sharply cut tailoring, Farah Vintage retains its heritage across a collection of slim fitting polo shirts and checked flannel shirts</p>\r\n', 'Foot wear', 0, 'A 123', 'Yes', 8, ''),
(9, 'Knite wear Jacket', 'Knite wear Jacket ', '24.99', '23.00', 1, 'g', '200.00', 200, 20, 3, '2013-06-26 07:04:17', '1', 'Published', 'yes', '<p>From their birth in the 1920s, Farah Vintage has been adopted by subcultures across the board; from Mods to Skins and Rockabillies. Renowned for their classic canvas slacks and sharply cut tailoring, Farah Vintage retains its heritage across a collection of slim fitting polo shirts and checked flannel shirts</p>\r\n', 'knite wear Jacket', 0, 'A 123', 'Yes', 5, 'Small'),
(10, 'Tshirt', 'Tshirt', '10.50', '9.00', 1, 'g', '200.00', 200, 50, 6, '2013-06-26 07:07:27', '1', 'Published', 'yes', '<p>From their birth in the 1920s, Farah Vintage has been adopted by subcultures across the board; from Mods to Skins and Rockabillies. Renowned for their classic canvas slacks and sharply cut tailoring, Farah Vintage retains its heritage across a collection of slim fitting polo shirts and checked flannel shirts</p>\r\n', 'Tshirt', 0, 'A 123', 'Yes', 9, 'Medium'),
(11, 'Trouser', 'Trouser', '16.99', '2.00', 1, 'g', '200.00', 200, 50, 8, '2013-06-26 07:09:33', '1', 'Published', 'yes', '<p>From their birth in the 1920s, Farah Vintage has been adopted by subcultures across the board; from Mods to Skins and Rockabillies. Renowned for their classic canvas slacks and sharply cut tailoring, Farah Vintage retains its heritage across a collection of slim fitting polo shirts and checked flannel shirts</p>\r\n', 'Trouser', 0, 'A 123', 'Yes', 5, 'Medium'),
(12, 'Clearance', 'Clearance', '19.00', '15.00', 1, 'g', '200.00', 100, 10, 9, '2013-07-24 11:25:45', '1', 'Published', 'yes', '<p>From their birth in the 1920s, Farah Vintage has been adopted by subcultures across the board; from Mods to Skins and Rockabillies. Renowned for their classic canvas slacks and sharply cut tailoring, Farah Vintage retains its heritage across a collection of slim fitting polo shirts and checked flannel shirts</p>\r\n', 'Clearance', 0, 'A 123', 'Yes', 1, 'Medium'),
(13, 'Shirt Wedding', 'Night wears', '30.00', '29.39', 1, 'g', '200.00', 200, 10, 15, '2013-06-26 07:14:12', '1', 'Published', 'yes', '<p>From their birth in the 1920s, Farah Vintage has been adopted by subcultures across the board; from Mods to Skins and Rockabillies. Renowned for their classic canvas slacks and sharply cut tailoring, Farah Vintage retains its heritage across a collection of slim fitting polo shirts and checked flannel shirts</p>\r\n', 'Shirt Night wears', 0, 'A 123', 'Yes', 13, 'Medium'),
(14, 'Shirt', 'Shirt', '19.00', '18.00', 1, 'g', '200.00', 200, 10, 17, '2013-06-26 07:19:34', '1', 'Published', 'yes', '<p>From their birth in the 1920s, Farah Vintage has been adopted by subcultures across the board; from Mods to Skins and Rockabillies. Renowned for their classic canvas slacks and sharply cut tailoring, Farah Vintage retains its heritage across a collection of slim fitting polo shirts and checked flannel shirts</p>\r\n', 'shirt', 0, 'A 123', 'Yes', 1, 'Small'),
(15, 'Jeans', 'Jeans', '20.00', '19.00', 1, 'g', '200.00', 200, 10, 4, '2013-06-26 07:22:19', '1', 'Published', 'yes', '<p>From their birth in the 1920s, Farah Vintage has been adopted by subcultures across the board; from Mods to Skins and Rockabillies. Renowned for their classic canvas slacks and sharply cut tailoring, Farah Vintage retains its heritage across a collection of slim fitting polo shirts and checked flannel shirts</p>\r\n', 'Jeans', 0, 'A 123', 'Yes', 1, 'Medium'),
(16, 'Jeans', 'Jeans', '20.00', '0.00', 1, 'g', '200.00', 200, 100, 4, '2013-06-26 07:24:13', '1', 'Published', '', '<p>From their birth in the 1920s, Farah Vintage has been adopted by subcultures across the board; from Mods to Skins and Rockabillies. Renowned for their classic canvas slacks and sharply cut tailoring, Farah Vintage retains its heritage across a collection of slim fitting polo shirts and checked flannel shirts</p>\r\n', 'Jeans', 0, 'A 123', 'No', 1, 'Small'),
(17, 'Jeans', '', '19.00', '18.00', 1, 'g', '200.00', 200, 10, 4, '2013-06-26 07:26:01', '1', 'Published', 'yes', '<p>From their birth in the 1920s, Farah Vintage has been adopted by subcultures across the board; from Mods to Skins and Rockabillies. Renowned for their classic canvas slacks and sharply cut tailoring, Farah Vintage retains its heritage across a collection of slim fitting polo shirts and checked flannel shirts</p>\r\n', '', 0, 'A 123', 'No', 1, 'Large'),
(18, 'Jeans', '', '19.00', '0.00', 1, 'g', '200.00', 200, 10, 4, '2013-06-26 07:27:31', '1', 'Published', 'no', '<p>From their birth in the 1920s, Farah Vintage has been adopted by subcultures across the board; from Mods to Skins and Rockabillies. Renowned for their classic canvas slacks and sharply cut tailoring, Farah Vintage retains its heritage across a collection of slim fitting polo shirts and checked flannel shirts</p>\r\n', '', 0, 'A 123', 'No', 9, 'Large'),
(19, 'Jeans', 'jeans', '19.00', '0.00', 1, 'g', '200.00', 200, 20, 4, '2013-06-26 07:29:34', '1', 'Published', 'no', '<p>From their birth in the 1920s, Farah Vintage has been adopted by subcultures across the board; from Mods to Skins and Rockabillies. Renowned for their classic canvas slacks and sharply cut tailoring, Farah Vintage retains its heritage across a collection of slim fitting polo shirts and checked flannel shirts</p>\r\n', 'jeans', 0, 'A 123', 'No', 7, 'Medium'),
(20, 'Jeans', 'Jeans', '19.00', '0.00', 1, 'g', '200.00', 200, 10, 4, '2013-06-26 07:32:41', '1', 'Published', 'yes', '<p>From their birth in the 1920s, Farah Vintage has been adopted by subcultures across the board; from Mods to Skins and Rockabillies. Renowned for their classic canvas slacks and sharply cut tailoring, Farah Vintage retains its heritage across a collection of slim fitting polo shirts and checked flannel shirts</p>\r\n', 'jeans', 0, 'A 123', '', 6, 'Medium'),
(21, 'Jacket', 'jacket', '10.99', '0.00', 1, 'g', '200.00', 100, 10, 67, '2013-12-20 13:48:41', '1', 'Published', 'no', '<p>From their birth in the 1920s, Farah Vintage has been adopted by subcultures across the board; from Mods to Skins and Rockabillies. Renowned for their classic canvas slacks and sharply cut tailoring, Farah Vintage retains its heritage across a collection of slim fitting polo shirts and checked flannel shirts</p>\r\n', 'jacket', 7, 'A 123', 'No', 3, ''),
(22, 'Jacket', 'Jacket', '32.99', '29.00', 1, 'g', '200.00', 200, 10, 9, '2013-06-26 07:37:56', '1', 'Published', 'yes', '<p>From their birth in the 1920s, Farah Vintage has been adopted by subcultures across the board; from Mods to Skins and Rockabillies. Renowned for their classic canvas slacks and sharply cut tailoring, Farah Vintage retains its heritage across a collection of slim fitting polo shirts and checked flannel shirts</p>\r\n', 'Jacket', 1, 'A 123', 'Yes', 4, 'Medium'),
(23, 'Jacket', 'jacket', '19.00', '0.00', 1, 'g', '200.00', 200, 10, 9, '2013-06-26 07:39:58', '1', 'Published', 'no', '<p>From their birth in the 1920s, Farah Vintage has been adopted by subcultures across the board; from Mods to Skins and Rockabillies. Renowned for their classic canvas slacks and sharply cut tailoring, Farah Vintage retains its heritage across a collection of slim fitting polo shirts and checked flannel shirts</p>\r\n', 'jacket', 2, 'A 123', 'No', 4, 'Medium'),
(24, 'Jacket', 'Jacket', '19.00', '18.00', 1, 'g', '200.00', 200, 50, 67, '2013-12-10 13:49:20', '1', 'Published', 'yes', '<p>From their birth in the 1920s, Farah Vintage has been adopted by subcultures across the board; from Mods to Skins and Rockabillies. Renowned for their classic canvas slacks and sharply cut tailoring, Farah Vintage retains its heritage across a collection of slim fitting polo shirts and checked flannel shirts</p>\r\n', 'Jacket', 3, 'A 123', 'Yes', 6, 'Medium'),
(25, 'Jacket', 'Jacket', '19.00', '18.00', 1, 'g', '200.00', 100, 50, 67, '2013-12-10 13:48:49', '1', 'Published', 'yes', '<p>From their birth in the 1920s, Farah Vintage has been adopted by subcultures across the board; from Mods to Skins and Rockabillies. Renowned for their classic canvas slacks and sharply cut tailoring, Farah Vintage retains its heritage across a collection of slim fitting polo shirts and checked flannel shirts</p>\r\n', 'Jacket', 4, 'A 123', 'Yes', 6, 'Medium'),
(26, 'Jacket', 'Jacket', '29.00', '15.00', 1, 'g', '200.00', 200, 10, 67, '2013-12-11 06:40:43', '1', 'Published', 'yes', '<p>From their birth in the 1920s, Farah Vintage has been adopted by subcultures across the board; from Mods to Skins and Rockabillies. Renowned for their classic canvas slacks and sharply cut tailoring, Farah Vintage retains its heritage across a collection of slim fitting polo shirts and checked flannel shirts</p>\r\n', 'Jacket', 5, 'A 123', 'Yes', 6, 'Medium'),
(27, 'Jacket', 'Jacket', '19.00', '15.00', 1, 'g', '200.00', 200, 10, 67, '2013-12-10 13:47:04', '1', 'Published', 'yes', '<p>From their birth in the 1920s, Farah Vintage has been adopted by subcultures across the board; from Mods to Skins and Rockabillies. Renowned for their classic canvas slacks and sharply cut tailoring, Farah Vintage retains its heritage across a collection of slim fitting polo shirts and checked flannel shirts</p>\r\n', 'Jacket', 6, 'A 123', 'Yes', 7, 'Medium'),
(28, 'Jacket', 'Jacket', '19.99', '18.00', 1, 'g', '200.00', 200, 10, 67, '2013-12-10 13:41:47', '1', 'Published', 'yes', '<p>From their birth in the 1920s, Farah Vintage has been adopted by subcultures across the board; from Mods to Skins and Rockabillies. Renowned for their classic canvas slacks and sharply cut tailoring, Farah Vintage retains its heritage across a collection of slim fitting polo shirts and checked flannel shirts</p>\r\n', 'Jacket', 8, 'A 123', 'Yes', 8, 'Large'),
(29, 'Shirt', ' Lorem Ipsum is simply dummy text of the printing and typesetting industry. Lorem Ipsum has been the industry''s standard. <br><br>\r\n                            Lorem Ipsum is simply dummy text of the printing and typesetting industry. Lorem Ipsum has been', '19.00', '18.00', 1, 'g', '1000.00', 200, 10, 67, '2013-12-18 07:37:07', '1', 'Published', 'yes', '<h2>What is Lorem Ipsum ?</h2>\r\n\r\n<p>Lorem Ipsum is simply dummy text of the printing and typesetting industry. Lorem Ipsum has been the industry&#39;s standard dummy text ever since the 1500s, when an unknown printer took a galley of type and scrambled it to make a type specimen book. It has survived not only five centuries, but also the leap into electronic typesetting, remaining essentially unchanged. It was popularised in the 1960s with the release of Letraset sheets containing Lorem Ipsum passages, and more recently with desktop publishing software like Aldus PageMaker including versions of Lorem Ipsum<br />\r\n<br />\r\nContrary to popular belief, Lorem Ipsum is not simply random text. It has roots in a piece of classical Latin literature from 45 BC, making it over 2000 years old.<br />\r\n&nbsp;</p>\r\n\r\n<ul class="listoption3">\r\n	<li>Lorem ipsum dolor sit amet Consectetur adipiscing elit</li>\r\n	<li>Integer molestie lorem at massa Facilisis in pretium nisl aliquet</li>\r\n	<li>Nulla volutpat aliquam velit</li>\r\n	<li>Faucibus porta lacus fringilla vel Aenean sit amet erat nunc Eget porttitor lorem</li>\r\n</ul>\r\n', 'Shirt', 9, 'A 123', 'Yes', 1, ''),
(102, 'test ', '', '0.00', '0.00', 2, '', '0.00', 0, 0, 0, '2013-12-23 14:44:37', '1', '', '', '<p>dsad</p>\r\n', '', 10, '', '', 0, ''),
(103, 'sample data', '', '0.00', '0.00', 2, '', '0.00', 0, 0, 0, '2013-12-23 14:45:43', '1', '', '', '', '', 11, '', '', 0, '');

-- --------------------------------------------------------

--
-- Table structure for table `tbl_product_display_settings`
--

CREATE TABLE IF NOT EXISTS `tbl_product_display_settings` (
  `id` int(11) NOT NULL AUTO_INCREMENT,
  `brand_display` varchar(40) NOT NULL DEFAULT 'Full width Category',
  `category_display` varchar(40) NOT NULL DEFAULT 'Full Width Category',
  PRIMARY KEY (`id`)
) ENGINE=MyISAM  DEFAULT CHARSET=latin1 AUTO_INCREMENT=2 ;

--
-- Dumping data for table `tbl_product_display_settings`
--

INSERT INTO `tbl_product_display_settings` (`id`, `brand_display`, `category_display`) VALUES
(1, 'Full Width Category', 'Full Width Category');

-- --------------------------------------------------------

--
-- Table structure for table `tbl_region`
--

CREATE TABLE IF NOT EXISTS `tbl_region` (
  `id` int(4) unsigned NOT NULL AUTO_INCREMENT,
  `country_id` int(11) DEFAULT NULL,
  `name` varchar(50) NOT NULL,
  PRIMARY KEY (`id`)
) ENGINE=InnoDB  DEFAULT CHARSET=utf8 AUTO_INCREMENT=4352 ;

--
-- Dumping data for table `tbl_region`
--

INSERT INTO `tbl_region` (`id`, `country_id`, `name`) VALUES
(199, 2, 'Andorra la Vella\r'),
(200, 2, 'Canillo\r'),
(201, 2, 'Encamp\r'),
(202, 2, 'Escaldes-Engordany\r'),
(203, 2, 'La Massana\r'),
(204, 2, 'Ordino\r'),
(205, 2, 'Sant Julia de Loria\r'),
(206, 3, 'Abu Dhabi\r'),
(207, 3, 'Ajman\r'),
(208, 3, 'Dubai\r'),
(209, 3, 'Fujairah\r'),
(210, 3, 'Ras Al Khaimah\r'),
(211, 3, 'Sharjah\r'),
(212, 3, 'Umm Al Quwain\r'),
(213, 4, 'Badakhshan\r'),
(214, 4, 'Badghis\r'),
(215, 4, 'Baghlan\r'),
(216, 4, 'Balkh\r'),
(217, 4, 'Bamian\r'),
(218, 4, 'Farah\r'),
(219, 4, 'Faryab\r'),
(220, 4, 'Ghazni\r'),
(221, 4, 'Ghowr\r'),
(222, 4, 'Helmand\r'),
(223, 4, 'Herat\r'),
(224, 4, 'Jowzjan\r'),
(225, 4, 'Kabol\r'),
(226, 4, 'Kandahar\r'),
(227, 4, 'Kapisa\r'),
(228, 4, 'Khowst\r'),
(229, 4, 'Konar\r'),
(230, 4, 'Kondoz\r'),
(231, 4, 'Laghman\r'),
(232, 4, 'Lowgar\r'),
(233, 4, 'Nangarhar\r'),
(234, 4, 'Nimruz\r'),
(235, 4, 'Nurestan\r'),
(236, 4, 'Oruzgan\r'),
(237, 4, 'Paktia\r'),
(238, 4, 'Paktika\r'),
(239, 4, 'Parvan\r'),
(240, 4, 'Samangan\r'),
(241, 4, 'Sar-e Pol\r'),
(242, 4, 'Takhar\r'),
(243, 4, 'Vardak\r'),
(244, 4, 'Zabol\r'),
(245, 5, 'Barbuda\r'),
(246, 5, 'Saint George\r'),
(247, 5, 'Saint John\r'),
(248, 5, 'Saint Mary\r'),
(249, 5, 'Saint Paul\r'),
(250, 5, 'Saint Peter\r'),
(251, 5, 'Saint Philip\r'),
(252, 7, 'Berat\r'),
(253, 7, 'Diber\r'),
(254, 7, 'Durres\r'),
(255, 7, 'Elbasan\r'),
(256, 7, 'Fier\r'),
(257, 7, 'Gjirokaster\r'),
(258, 7, 'Korce\r'),
(259, 7, 'Kukes\r'),
(260, 7, 'Lezhe\r'),
(261, 7, 'Shkoder\r'),
(262, 7, 'Tirane\r'),
(263, 7, 'Vlore\r'),
(264, 8, 'Aragatsotn\r'),
(265, 8, 'Ararat\r'),
(266, 8, 'Armavir\r'),
(267, 8, 'Geghark''unik''\r'),
(268, 8, 'Kotayk''\r'),
(269, 8, 'Lorri\r'),
(270, 8, 'Shirak\r'),
(271, 8, 'Syunik''\r'),
(272, 8, 'Tavush\r'),
(273, 8, 'Vayots'' Dzor\r'),
(274, 8, 'Yerevan\r'),
(275, 10, 'Bengo\r'),
(276, 10, 'Benguela\r'),
(277, 10, 'Bie\r'),
(278, 10, 'Cabinda\r'),
(279, 10, 'Cuando Cubango\r'),
(280, 10, 'Cuanza Norte\r'),
(281, 10, 'Cuanza Sul\r'),
(282, 10, 'Cunene\r'),
(283, 10, 'Huambo\r'),
(284, 10, 'Huila\r'),
(285, 10, 'Luanda\r'),
(286, 10, 'Lunda Norte\r'),
(287, 10, 'Lunda Sul\r'),
(288, 10, 'Malanje\r'),
(289, 10, 'Moxico\r'),
(290, 10, 'Uige\r'),
(291, 10, 'Zaire\r'),
(292, 12, 'Buenos Aires\r'),
(293, 12, 'Catamarca\r'),
(294, 12, 'Chaco\r'),
(295, 12, 'Chubut\r'),
(296, 12, 'Cordoba\r'),
(297, 12, 'Corrientes\r'),
(298, 12, 'Distrito Federal\r'),
(299, 12, 'Entre Rios\r'),
(300, 12, 'Formosa\r'),
(301, 12, 'Jujuy\r'),
(302, 12, 'La Pampa\r'),
(303, 12, 'La Rioja\r'),
(304, 12, 'Mendoza\r'),
(305, 12, 'Misiones\r'),
(306, 12, 'Neuquen\r'),
(307, 12, 'Rio Negro\r'),
(308, 12, 'Salta\r'),
(309, 12, 'San Juan\r'),
(310, 12, 'San Luis\r'),
(311, 12, 'Santa Cruz\r'),
(312, 12, 'Santa Fe\r'),
(313, 12, 'Santiago del Estero\r'),
(314, 12, 'Tierra del Fuego\r'),
(315, 12, 'Tucuman\r'),
(316, 14, 'Burgenland\r'),
(317, 14, 'Karnten\r'),
(318, 14, 'Niederosterreich\r'),
(319, 14, 'Oberosterreich\r'),
(320, 14, 'Salzburg\r'),
(321, 14, 'Steiermark\r'),
(322, 14, 'Tirol\r'),
(323, 14, 'Vorarlberg\r'),
(324, 14, 'Wien\r'),
(325, 15, 'Australian Capital Territory\r'),
(326, 15, 'New South Wales\r'),
(327, 15, 'Northern Territory\r'),
(328, 15, 'Queensland\r'),
(329, 15, 'South Australia\r'),
(330, 15, 'Tasmania\r'),
(331, 15, 'Victoria\r'),
(332, 15, 'Western Australia\r'),
(333, 18, 'Abseron\r'),
(334, 18, 'Agcabadi\r'),
(335, 18, 'Agdam\r'),
(336, 18, 'Agdas\r'),
(337, 18, 'Agstafa\r'),
(338, 18, 'Agsu\r'),
(339, 18, 'Ali Bayramli\r'),
(340, 18, 'Astara\r'),
(341, 18, 'Baki\r'),
(342, 18, 'Balakan\r'),
(343, 18, 'Barda\r'),
(344, 18, 'Beylaqan\r'),
(345, 18, 'Bilasuvar\r'),
(346, 18, 'Cabrayil\r'),
(347, 18, 'Calilabad\r'),
(348, 18, 'Daskasan\r'),
(349, 18, 'Davaci\r'),
(350, 18, 'Fuzuli\r'),
(351, 18, 'Gadabay\r'),
(352, 18, 'Ganca\r'),
(353, 18, 'Goranboy\r'),
(354, 18, 'Goycay\r'),
(355, 18, 'Haciqabul\r'),
(356, 18, 'Imisli\r'),
(357, 18, 'Ismayilli\r'),
(358, 18, 'Kalbacar\r'),
(359, 18, 'Kurdamir\r'),
(360, 18, 'Lacin\r'),
(361, 18, 'Lankaran\r'),
(362, 18, 'Lerik\r'),
(363, 18, 'Masalli\r'),
(364, 18, 'Mingacevir\r'),
(365, 18, 'Naftalan\r'),
(366, 18, 'Naxcivan\r'),
(367, 18, 'Neftcala\r'),
(368, 18, 'Oguz\r'),
(369, 18, 'Qabala\r'),
(370, 18, 'Qax\r'),
(371, 18, 'Qazax\r'),
(372, 18, 'Qobustan\r'),
(373, 18, 'Quba\r'),
(374, 18, 'Qubadli\r'),
(375, 18, 'Qusar\r'),
(376, 18, 'Saatli\r'),
(377, 18, 'Sabirabad\r'),
(378, 18, 'Saki\r'),
(379, 18, 'Salyan\r'),
(380, 18, 'Samaxi\r'),
(381, 18, 'Samkir\r'),
(382, 18, 'Samux\r'),
(383, 18, 'Siyazan\r'),
(384, 18, 'Sumqayit\r'),
(385, 18, 'Susa\r'),
(386, 18, 'Tartar\r'),
(387, 18, 'Tovuz\r'),
(388, 18, 'Ucar\r'),
(389, 18, 'Xacmaz\r'),
(390, 18, 'Xankandi\r'),
(391, 18, 'Xanlar\r'),
(392, 18, 'Xizi\r'),
(393, 18, 'Xocali\r'),
(394, 18, 'Xocavand\r'),
(395, 18, 'Yardimli\r'),
(396, 18, 'Yevlax\r'),
(397, 18, 'Zangilan\r'),
(398, 18, 'Zaqatala\r'),
(399, 18, 'Zardab\r'),
(400, 19, 'Federation of Bosnia and Herzegovina\r'),
(401, 19, 'Republika Srpska\r'),
(402, 20, 'Christ Church\r'),
(403, 20, 'Saint Andrew\r'),
(404, 20, 'Saint George\r'),
(405, 20, 'Saint James\r'),
(406, 20, 'Saint John\r'),
(407, 20, 'Saint Joseph\r'),
(408, 20, 'Saint Lucy\r'),
(409, 20, 'Saint Michael\r'),
(410, 20, 'Saint Peter\r'),
(411, 20, 'Saint Philip\r'),
(412, 20, 'Saint Thomas\r'),
(413, 21, 'Bagerhat\r'),
(414, 21, 'Bandarban\r'),
(415, 21, 'Barguna\r'),
(416, 21, 'Barisal\r'),
(417, 21, 'Bhola\r'),
(418, 21, 'Bogra\r'),
(419, 21, 'Brahmanbaria\r'),
(420, 21, 'Chandpur\r'),
(421, 21, 'Chapai Nawabganj\r'),
(422, 21, 'Chattagram\r'),
(423, 21, 'Chuadanga\r'),
(424, 21, 'Comilla\r'),
(425, 21, 'Cox''s Bazar\r'),
(426, 21, 'Dhaka\r'),
(427, 21, 'Dinajpur\r'),
(428, 21, 'Faridpur\r'),
(429, 21, 'Feni\r'),
(430, 21, 'Gaibandha\r'),
(431, 21, 'Gazipur\r'),
(432, 21, 'Gopalganj\r'),
(433, 21, 'Habiganj\r'),
(434, 21, 'Jaipurhat\r'),
(435, 21, 'Jamalpur\r'),
(436, 21, 'Jessore\r'),
(437, 21, 'Jhalakati\r'),
(438, 21, 'Jhenaidah\r'),
(439, 21, 'Khagrachari\r'),
(440, 21, 'Khulna\r'),
(441, 21, 'Kishorganj\r'),
(442, 21, 'Kurigram\r'),
(443, 21, 'Kushtia\r'),
(444, 21, 'Laksmipur\r'),
(445, 21, 'Lalmonirhat\r'),
(446, 21, 'Madaripur\r'),
(447, 21, 'Magura\r'),
(448, 21, 'Manikganj\r'),
(449, 21, 'Meherpur\r'),
(450, 21, 'Moulavibazar\r'),
(451, 21, 'Munshiganj\r'),
(452, 21, 'Mymensingh\r'),
(453, 21, 'Naogaon\r'),
(454, 21, 'Narail\r'),
(455, 21, 'Narayanganj\r'),
(456, 21, 'Narsingdi\r'),
(457, 21, 'Nator\r'),
(458, 21, 'Netrakona\r'),
(459, 21, 'Nilphamari\r'),
(460, 21, 'Noakhali\r'),
(461, 21, 'Pabna\r'),
(462, 21, 'Panchagar\r'),
(463, 21, 'Parbattya Chattagram\r'),
(464, 21, 'Patuakhali\r'),
(465, 21, 'Pirojpur\r'),
(466, 21, 'Rajbari\r'),
(467, 21, 'Rajshahi\r'),
(468, 21, 'Rangpur\r'),
(469, 21, 'Satkhira\r'),
(470, 21, 'Shariyatpur\r'),
(471, 21, 'Sherpur\r'),
(472, 21, 'Sirajganj\r'),
(473, 21, 'Sunamganj\r'),
(474, 21, 'Sylhet\r'),
(475, 21, 'Tangail\r'),
(476, 21, 'Thakurgaon\r'),
(477, 22, 'Antwerpen\r'),
(478, 22, 'Brabant\r'),
(479, 22, 'Brabant Wallon\r'),
(480, 22, 'Brussels Hoofdstedelijk Gewest\r'),
(481, 22, 'Hainaut\r'),
(482, 22, 'Liege\r'),
(483, 22, 'Limburg\r'),
(484, 22, 'Luxembourg\r'),
(485, 22, 'Namur\r'),
(486, 22, 'Oost-Vlaanderen\r'),
(487, 22, 'Vlaams-Brabant\r'),
(488, 22, 'West-Vlaanderen\r'),
(489, 23, 'Bale\r'),
(490, 23, 'Bam\r'),
(491, 23, 'Banwa\r'),
(492, 23, 'Bazega\r'),
(493, 23, 'Bougouriba\r'),
(494, 23, 'Boulgou\r'),
(495, 23, 'Boulkiemde\r'),
(496, 23, 'Ganzourgou\r'),
(497, 23, 'Gnagna\r'),
(498, 23, 'Gourma\r'),
(499, 23, 'Houet\r'),
(500, 23, 'Ioba\r'),
(501, 23, 'Kadiogo\r'),
(502, 23, 'Kenedougou\r'),
(503, 23, 'Komoe\r'),
(504, 23, 'Komondjari\r'),
(505, 23, 'Kompienga\r'),
(506, 23, 'Kossi\r'),
(507, 23, 'Koulpelogo\r'),
(508, 23, 'Kouritenga\r'),
(509, 23, 'Kourweogo\r'),
(510, 23, 'Leraba\r'),
(511, 23, 'Loroum\r'),
(512, 23, 'Mouhoun\r'),
(513, 23, 'Namentenga\r'),
(514, 23, 'Naouri\r'),
(515, 23, 'Nayala\r'),
(516, 23, 'Noumbiel\r'),
(517, 23, 'Oubritenga\r'),
(518, 23, 'Oudalan\r'),
(519, 23, 'Passore\r'),
(520, 23, 'Poni\r'),
(521, 23, 'Sanguie\r'),
(522, 23, 'Sanmatenga\r'),
(523, 23, 'Seno\r'),
(524, 23, 'Sissili\r'),
(525, 23, 'Soum\r'),
(526, 23, 'Sourou\r'),
(527, 23, 'Tapoa\r'),
(528, 23, 'Tuy\r'),
(529, 23, 'Yagha\r'),
(530, 23, 'Yatenga\r'),
(531, 23, 'Ziro\r'),
(532, 23, 'Zondoma\r'),
(533, 23, 'Zoundweogo\r'),
(534, 24, 'Blagoevgrad\r'),
(535, 24, 'Burgas\r'),
(536, 24, 'Dobrich\r'),
(537, 24, 'Gabrovo\r'),
(538, 24, 'Grad Sofiya\r'),
(539, 24, 'Khaskovo\r'),
(540, 24, 'Kurdzhali\r'),
(541, 24, 'Kyustendil\r'),
(542, 24, 'Lovech\r'),
(543, 24, 'Mikhaylovgrad\r'),
(544, 24, 'Montana\r'),
(545, 24, 'Pazardzhik\r'),
(546, 24, 'Pernik\r'),
(547, 24, 'Pleven\r'),
(548, 24, 'Plovdiv\r'),
(549, 24, 'Razgrad\r'),
(550, 24, 'Ruse\r'),
(551, 24, 'Shumen\r'),
(552, 24, 'Silistra\r'),
(553, 24, 'Sliven\r'),
(554, 24, 'Smolyan\r'),
(555, 24, 'Sofiya\r'),
(556, 24, 'Stara Zagora\r'),
(557, 24, 'Turgovishte\r'),
(558, 24, 'Varna\r'),
(559, 24, 'Veliko Turnovo\r'),
(560, 24, 'Vidin\r'),
(561, 24, 'Vratsa\r'),
(562, 24, 'Yambol\r'),
(563, 25, 'Al Hadd\r'),
(564, 25, 'Al Manamah\r'),
(565, 25, 'Al Mintaqah al Gharbiyah\r'),
(566, 25, 'Al Mintaqah al Wusta\r'),
(567, 25, 'Al Mintaqah ash Shamaliyah\r'),
(568, 25, 'Al Muharraq\r'),
(569, 25, 'Ar Rifa\r'),
(570, 25, 'Jidd Hafs\r'),
(571, 25, 'Madinat\r'),
(572, 25, 'Madinat Hamad\r'),
(573, 25, 'Mintaqat Juzur Hawar\r'),
(574, 25, 'Sitrah\r'),
(575, 26, 'Bubanza\r'),
(576, 26, 'Bujumbura\r'),
(577, 26, 'Bururi\r'),
(578, 26, 'Cankuzo\r'),
(579, 26, 'Cibitoke\r'),
(580, 26, 'Gitega\r'),
(581, 26, 'Karuzi\r'),
(582, 26, 'Kayanza\r'),
(583, 26, 'Kirundo\r'),
(584, 26, 'Makamba\r'),
(585, 26, 'Muramvya\r'),
(586, 26, 'Muyinga\r'),
(587, 26, 'Mwaro\r'),
(588, 26, 'Ngozi\r'),
(589, 26, 'Rutana\r'),
(590, 26, 'Ruyigi\r'),
(591, 27, 'Atakora\r'),
(592, 27, 'Atlantique\r'),
(593, 27, 'Borgou\r'),
(594, 27, 'Mono\r'),
(595, 27, 'Oueme\r'),
(596, 27, 'Zou\r'),
(597, 28, 'Devonshire\r'),
(598, 28, 'Hamilton\r'),
(599, 28, 'Paget\r'),
(600, 28, 'Pembroke\r'),
(601, 28, 'Saint George\r'),
(602, 28, 'Saint George''s\r'),
(603, 28, 'Sandys\r'),
(604, 28, 'Smiths\r'),
(605, 28, 'Southampton\r'),
(606, 28, 'Warwick\r'),
(607, 29, 'Alibori\r'),
(608, 29, 'Belait\r'),
(609, 29, 'Brunei and Muara\r'),
(610, 29, 'Collines\r'),
(611, 29, 'Donga\r'),
(612, 29, 'Kouffo\r'),
(613, 29, 'Littoral\r'),
(614, 29, 'Oueme\r'),
(615, 29, 'Plateau\r'),
(616, 29, 'Temburong\r'),
(617, 29, 'Tutong\r'),
(618, 29, 'Zou\r'),
(619, 30, 'Chuquisaca\r'),
(620, 30, 'Cochabamba\r'),
(621, 30, 'El Beni\r'),
(622, 30, 'La Paz\r'),
(623, 30, 'Oruro\r'),
(624, 30, 'Pando\r'),
(625, 30, 'Potosi\r'),
(626, 30, 'Santa Cruz\r'),
(627, 30, 'Tarija\r'),
(628, 31, 'Acre\r'),
(629, 31, 'Alagoas\r'),
(630, 31, 'Amapa\r'),
(631, 31, 'Amazonas\r'),
(632, 31, 'Bahia\r'),
(633, 31, 'Ceara\r'),
(634, 31, 'Distrito Federal\r'),
(635, 31, 'Espirito Santo\r'),
(636, 31, 'Goias\r'),
(637, 31, 'Maranhao\r'),
(638, 31, 'Mato Grosso\r'),
(639, 31, 'Mato Grosso do Sul\r'),
(640, 31, 'Minas Gerais\r'),
(641, 31, 'Para\r'),
(642, 31, 'Paraiba\r'),
(643, 31, 'Parana\r'),
(644, 31, 'Pernambuco\r'),
(645, 31, 'Piaui\r'),
(646, 31, 'Rio de Janeiro\r'),
(647, 31, 'Rio Grande do Norte\r'),
(648, 31, 'Rio Grande do Sul\r'),
(649, 31, 'Rondonia\r'),
(650, 31, 'Roraima\r'),
(651, 31, 'Santa Catarina\r'),
(652, 31, 'Sao Paulo\r'),
(653, 31, 'Sergipe\r'),
(654, 31, 'Tocantins\r'),
(655, 32, 'Acklins and Crooked Islands\r'),
(656, 32, 'Bimini\r'),
(657, 32, 'Cat Island\r'),
(658, 32, 'Exuma\r'),
(659, 32, 'Freeport\r'),
(660, 32, 'Fresh Creek\r'),
(661, 32, 'Governor''s Harbour\r'),
(662, 32, 'Green Turtle Cay\r'),
(663, 32, 'Harbour Island\r'),
(664, 32, 'High Rock\r'),
(665, 32, 'Inagua\r'),
(666, 32, 'Kemps Bay\r'),
(667, 32, 'Long Island\r'),
(668, 32, 'Marsh Harbour\r'),
(669, 32, 'Mayaguana\r'),
(670, 32, 'New Providence\r'),
(671, 32, 'Nichollstown and Berry Islands\r'),
(672, 32, 'Ragged Island\r'),
(673, 32, 'Rock Sound\r'),
(674, 32, 'San Salvador and Rum Cay\r'),
(675, 32, 'Sandy Point\r'),
(676, 33, 'Bumthang\r'),
(677, 33, 'Chhukha\r'),
(678, 33, 'Chirang\r'),
(679, 33, 'Daga\r'),
(680, 33, 'Geylegphug\r'),
(681, 33, 'Ha\r'),
(682, 33, 'Lhuntshi\r'),
(683, 33, 'Mongar\r'),
(684, 33, 'Paro\r'),
(685, 33, 'Pemagatsel\r'),
(686, 33, 'Punakha\r'),
(687, 33, 'Samchi\r'),
(688, 33, 'Samdrup\r'),
(689, 33, 'Shemgang\r'),
(690, 33, 'Tashigang\r'),
(691, 33, 'Thimphu\r'),
(692, 33, 'Tongsa\r'),
(693, 33, 'Wangdi Phodrang\r'),
(694, 35, 'Central\r'),
(695, 35, 'Chobe\r'),
(696, 35, 'Ghanzi\r'),
(697, 35, 'Kgalagadi\r'),
(698, 35, 'Kgatleng\r'),
(699, 35, 'Kweneng\r'),
(700, 35, 'Ngamiland\r'),
(701, 35, 'North-East\r'),
(702, 35, 'South-East\r'),
(703, 35, 'Southern\r'),
(704, 36, 'Brestskaya Voblasts''\r'),
(705, 36, 'Homyel''skaya Voblasts''\r'),
(706, 36, 'Hrodzyenskaya Voblasts''\r'),
(707, 36, 'Mahilyowskaya Voblasts''\r'),
(708, 36, 'Minsk\r'),
(709, 36, 'Minskaya Voblasts''\r'),
(710, 36, 'Vitsyebskaya Voblasts''\r'),
(711, 37, 'Belize\r'),
(712, 37, 'Cayo\r'),
(713, 37, 'Corozal\r'),
(714, 37, 'Orange Walk\r'),
(715, 37, 'Stann Creek\r'),
(716, 37, 'Toledo\r'),
(717, 38, 'Alberta\r'),
(718, 38, 'British Columbia\r'),
(719, 38, 'Manitoba\r'),
(720, 38, 'New Brunswick\r'),
(721, 38, 'Newfoundland and Labrador\r'),
(722, 38, 'Northwest Territories\r'),
(723, 38, 'Nova Scotia\r'),
(724, 38, 'Nunavut\r'),
(725, 38, 'Ontario\r'),
(726, 38, 'Prince Edward Island\r'),
(727, 38, 'Quebec\r'),
(728, 38, 'Saskatchewan\r'),
(729, 38, 'Yukon Territory\r'),
(730, 40, 'Bandundu\r'),
(731, 40, 'Bas-Congo\r'),
(732, 40, 'Equateur\r'),
(733, 40, 'Kasai-Occidental\r'),
(734, 40, 'Kasai-Oriental\r'),
(735, 40, 'Katanga\r'),
(736, 40, 'Kinshasa\r'),
(737, 40, 'Kivu\r'),
(738, 40, 'Maniema\r'),
(739, 40, 'Nord-Kivu\r'),
(740, 40, 'Orientale\r'),
(741, 40, 'Sud-Kivu\r'),
(742, 41, 'Bamingui-Bangoran\r'),
(743, 41, 'Bangui\r'),
(744, 41, 'Basse-Kotto\r'),
(745, 41, 'Haut-Mbomou\r'),
(746, 41, 'Haute-Kotto\r'),
(747, 41, 'Kemo\r'),
(748, 41, 'Lobaye\r'),
(749, 41, 'Mambere-Kadei\r'),
(750, 41, 'Mbomou\r'),
(751, 41, 'Nana-Grebizi\r'),
(752, 41, 'Nana-Mambere\r'),
(753, 41, 'Ombella-Mpoko\r'),
(754, 41, 'Ouaka\r'),
(755, 41, 'Ouham\r'),
(756, 41, 'Ouham-Pende\r'),
(757, 41, 'Sangha-Mbaere\r'),
(758, 41, 'Vakaga\r'),
(759, 42, 'Bouenza\r'),
(760, 42, 'Brazzaville\r'),
(761, 42, 'Cuvette\r'),
(762, 42, 'Kouilou\r'),
(763, 42, 'Lekoumou\r'),
(764, 42, 'Likouala\r'),
(765, 42, 'Niari\r'),
(766, 42, 'Plateaux\r'),
(767, 42, 'Pool\r'),
(768, 42, 'Sangha\r'),
(769, 43, 'Aargau\r'),
(770, 43, 'Ausser-Rhoden\r'),
(771, 43, 'Basel-Landschaft\r'),
(772, 43, 'Basel-Stadt\r'),
(773, 43, 'Bern\r'),
(774, 43, 'Fribourg\r'),
(775, 43, 'Geneve\r'),
(776, 43, 'Glarus\r'),
(777, 43, 'Graubunden\r'),
(778, 43, 'Inner-Rhoden\r'),
(779, 43, 'Jura\r'),
(780, 43, 'Luzern\r'),
(781, 43, 'Neuchatel\r'),
(782, 43, 'Nidwalden\r'),
(783, 43, 'Obwalden\r'),
(784, 43, 'Sankt Gallen\r'),
(785, 43, 'Schaffhausen\r'),
(786, 43, 'Schwyz\r'),
(787, 43, 'Solothurn\r'),
(788, 43, 'Thurgau\r'),
(789, 43, 'Ticino\r'),
(790, 43, 'Uri\r'),
(791, 43, 'Valais\r'),
(792, 43, 'Vaud\r'),
(793, 43, 'Zug\r'),
(794, 43, 'Zurich\r'),
(795, 44, 'Abengourou\r'),
(796, 44, 'Abidjan\r'),
(797, 44, 'Aboisso\r'),
(798, 44, 'Adiake\r'),
(799, 44, 'Adzope\r'),
(800, 44, 'Agboville\r'),
(801, 44, 'Alepe\r'),
(802, 44, 'Bangolo\r'),
(803, 44, 'Beoumi\r'),
(804, 44, 'Biankouma\r'),
(805, 44, 'Bocanda\r'),
(806, 44, 'Bondoukou\r'),
(807, 44, 'Bongouanou\r'),
(808, 44, 'Bouafle\r'),
(809, 44, 'Bouake\r'),
(810, 44, 'Bouna\r'),
(811, 44, 'Boundiali\r'),
(812, 44, 'Dabakala\r'),
(813, 44, 'Dabou\r'),
(814, 44, 'Daloa\r'),
(815, 44, 'Danane\r'),
(816, 44, 'Daoukro\r'),
(817, 44, 'Dimbokro\r'),
(818, 44, 'Divo\r'),
(819, 44, 'Duekoue\r'),
(820, 44, 'Ferkessedougou\r'),
(821, 44, 'Gagnoa\r'),
(822, 44, 'Grand-Bassam\r'),
(823, 44, 'Grand-Lahou\r'),
(824, 44, 'Guiglo\r'),
(825, 44, 'Issia\r'),
(826, 44, 'Jacqueville\r'),
(827, 44, 'Katiola\r'),
(828, 44, 'Korhogo\r'),
(829, 44, 'Lakota\r'),
(830, 44, 'Man\r'),
(831, 44, 'Mankono\r'),
(832, 44, 'Mbahiakro\r'),
(833, 44, 'Odienne\r'),
(834, 44, 'Oume\r'),
(835, 44, 'Sakassou\r'),
(836, 44, 'San Pedro\r'),
(837, 44, 'Sassandra\r'),
(838, 44, 'Seguela\r'),
(839, 44, 'Sinfra\r'),
(840, 44, 'Soubre\r'),
(841, 44, 'Tabou\r'),
(842, 44, 'Tanda\r'),
(843, 44, 'Tiassale\r'),
(844, 44, 'Tiebissou\r'),
(845, 44, 'Tingrela\r'),
(846, 44, 'Touba\r'),
(847, 44, 'Toulepleu\r'),
(848, 44, 'Toumodi\r'),
(849, 44, 'Vavoua\r'),
(850, 44, 'Yamoussoukro\r'),
(851, 44, 'Zuenoula\r'),
(852, 46, 'Aisen del General Carlos Ibanez del Campo\r'),
(853, 46, 'Antofagasta\r'),
(854, 46, 'Araucania\r'),
(855, 46, 'Atacama\r'),
(856, 46, 'Bio-Bio\r'),
(857, 46, 'Coquimbo\r'),
(858, 46, 'Libertador General Bernardo O''Higgins\r'),
(859, 46, 'Los Lagos\r'),
(860, 46, 'Magallanes y de la Antartica Chilena\r'),
(861, 46, 'Maule\r'),
(862, 46, 'Region Metropolitana\r'),
(863, 46, 'Tarapaca\r'),
(864, 46, 'Valparaiso\r'),
(865, 47, 'Adamaoua\r'),
(866, 47, 'Centre\r'),
(867, 47, 'Est\r'),
(868, 47, 'Extreme-Nord\r'),
(869, 47, 'Littoral\r'),
(870, 47, 'Nord\r'),
(871, 47, 'Nord-Ouest\r'),
(872, 47, 'Ouest\r'),
(873, 47, 'Sud\r'),
(874, 47, 'Sud-Ouest\r'),
(875, 48, 'Anhui\r'),
(876, 48, 'Beijing\r'),
(877, 48, 'Chongqing\r'),
(878, 48, 'Fujian\r'),
(879, 48, 'Gansu\r'),
(880, 48, 'Guangdong\r'),
(881, 48, 'Guangxi\r'),
(882, 48, 'Guizhou\r'),
(883, 48, 'Hainan\r'),
(884, 48, 'Hebei\r'),
(885, 48, 'Heilongjiang\r'),
(886, 48, 'Henan\r'),
(887, 48, 'Hubei\r'),
(888, 48, 'Hunan\r'),
(889, 48, 'Jiangsu\r'),
(890, 48, 'Jiangxi\r'),
(891, 48, 'Jilin\r'),
(892, 48, 'Liaoning\r'),
(893, 48, 'Nei Mongol\r'),
(894, 48, 'Ningxia\r'),
(895, 48, 'Qinghai\r'),
(896, 48, 'Shaanxi\r'),
(897, 48, 'Shandong\r'),
(898, 48, 'Shanghai\r'),
(899, 48, 'Shanxi\r'),
(900, 48, 'Sichuan\r'),
(901, 48, 'Tianjin\r'),
(902, 48, 'Xinjiang\r'),
(903, 48, 'Xizang\r'),
(904, 48, 'Yunnan\r'),
(905, 48, 'Zhejiang\r'),
(906, 49, 'Amazonas\r'),
(907, 49, 'Antioquia\r'),
(908, 49, 'Arauca\r'),
(909, 49, 'Atlantico\r'),
(910, 49, 'Bolivar\r'),
(911, 49, 'Boyaca\r'),
(912, 49, 'Caldas\r'),
(913, 49, 'Caqueta\r'),
(914, 49, 'Casanare\r'),
(915, 49, 'Cauca\r'),
(916, 49, 'Cesar\r'),
(917, 49, 'Choco\r'),
(918, 49, 'Cordoba\r'),
(919, 49, 'Cundinamarca\r'),
(920, 49, 'Distrito Especial\r'),
(921, 49, 'Guainia\r'),
(922, 49, 'Guaviare\r'),
(923, 49, 'Huila\r'),
(924, 49, 'La Guajira\r'),
(925, 49, 'Magdalena\r'),
(926, 49, 'Meta\r'),
(927, 49, 'Narino\r'),
(928, 49, 'Norte de Santander\r'),
(929, 49, 'Putumayo\r'),
(930, 49, 'Quindio\r'),
(931, 49, 'Risaralda\r'),
(932, 49, 'San Andres y Providencia\r'),
(933, 49, 'Santander\r'),
(934, 49, 'Sucre\r'),
(935, 49, 'Tolima\r'),
(936, 49, 'Valle del Cauca\r'),
(937, 49, 'Vaupes\r'),
(938, 49, 'Vichada\r'),
(939, 50, 'Alajuela\r'),
(940, 50, 'Cartago\r'),
(941, 50, 'Guanacaste\r'),
(942, 50, 'Heredia\r'),
(943, 50, 'Limon\r'),
(944, 50, 'Puntarenas\r'),
(945, 50, 'San Jose\r'),
(946, 51, 'Camaguey\r'),
(947, 51, 'Ciego de Avila\r'),
(948, 51, 'Cienfuegos\r'),
(949, 51, 'Ciudad de la Habana\r'),
(950, 51, 'Granma\r'),
(951, 51, 'Guantanamo\r'),
(952, 51, 'Holguin\r'),
(953, 51, 'Isla de la Juventud\r'),
(954, 51, 'La Habana\r'),
(955, 51, 'Las Tunas\r'),
(956, 51, 'Matanzas\r'),
(957, 51, 'Pinar del Rio\r'),
(958, 51, 'Sancti Spiritus\r'),
(959, 51, 'Santiago de Cuba\r'),
(960, 51, 'Villa Clara\r'),
(961, 52, 'Boa Vista\r'),
(962, 52, 'Brava\r'),
(963, 52, 'Maio\r'),
(964, 52, 'Mosteiros\r'),
(965, 52, 'Paul\r'),
(966, 52, 'Praia\r'),
(967, 52, 'Ribeira Grande\r'),
(968, 52, 'Sal\r'),
(969, 52, 'Santa Catarina\r'),
(970, 52, 'Santa Cruz\r'),
(971, 52, 'Sao Domingos\r'),
(972, 52, 'Sao Filipe\r'),
(973, 52, 'Sao Miguel\r'),
(974, 52, 'Sao Nicolau\r'),
(975, 52, 'Sao Vicente\r'),
(976, 52, 'Tarrafal\r'),
(977, 54, 'Famagusta\r'),
(978, 54, 'Kyrenia\r'),
(979, 54, 'Larnaca\r'),
(980, 54, 'Limassol\r'),
(981, 54, 'Nicosia\r'),
(982, 54, 'Paphos\r'),
(983, 55, 'Blansko\r'),
(984, 55, 'Breclav\r'),
(985, 55, 'Hlavni Mesto Praha\r'),
(986, 55, 'Hradec Kralove\r'),
(987, 55, 'Jablonec nad Nisou\r'),
(988, 55, 'Jiein\r'),
(989, 55, 'Jihlava\r'),
(990, 55, 'Jihocesky Kraj\r'),
(991, 55, 'Jihomoravsky Kraj\r'),
(992, 55, 'Karlovarsky Kraj\r'),
(993, 55, 'Kolin\r'),
(994, 55, 'Kralovehradecky Kraj\r'),
(995, 55, 'Liberec\r'),
(996, 55, 'Liberecky Kraj\r'),
(997, 55, 'Melnik\r'),
(998, 55, 'Mlada Boleslav\r'),
(999, 55, 'Moravskoslezsky Kraj\r'),
(1000, 55, 'Nachod\r'),
(1001, 55, 'Nymburk\r'),
(1002, 55, 'Olomoucky Kraj\r'),
(1003, 55, 'Pardubice\r'),
(1004, 55, 'Pardubicky Kraj\r'),
(1005, 55, 'Plzensky Kraj\r'),
(1006, 55, 'Semily\r'),
(1007, 55, 'Stredocesky Kraj\r'),
(1008, 55, 'Trutnov\r'),
(1009, 55, 'Ustecky Kraj\r'),
(1010, 55, 'Vysocina\r'),
(1011, 55, 'Zlinsky Kraj\r'),
(1012, 56, 'Baden-WÃƒÂ¼rttemberg'),
(1013, 56, 'Bayern\r'),
(1014, 56, 'Berlin\r'),
(1015, 56, 'Brandenburg\r'),
(1016, 56, 'Bremen\r'),
(1017, 56, 'Hamburg\r'),
(1018, 56, 'Hessen\r'),
(1019, 56, 'Mecklenburg-Vorpommern\r'),
(1020, 56, 'Niedersachsen\r'),
(1021, 56, 'Nordrhein-Westfalen\r'),
(1022, 56, 'Rheinland-Pfalz\r'),
(1023, 56, 'Saarland\r'),
(1024, 56, 'Sachsen\r'),
(1025, 56, 'Sachsen-Anhalt\r'),
(1026, 56, 'Schleswig-Holstein\r'),
(1027, 56, 'Thuringen\r'),
(1028, 57, 'Dikhil\r'),
(1029, 57, 'Djibouti\r'),
(1030, 57, 'Obock\r'),
(1031, 57, 'Tadjoura\r'),
(1032, 58, 'Arhus\r'),
(1033, 58, 'Bornholm\r'),
(1034, 58, 'Frederiksborg\r'),
(1035, 58, 'Fyn\r'),
(1036, 58, 'Kobenhavn\r'),
(1037, 58, 'Nordjylland\r'),
(1038, 58, 'Ribe\r'),
(1039, 58, 'Ringkobing\r'),
(1040, 58, 'Roskilde\r'),
(1041, 58, 'Sonderjylland\r'),
(1042, 58, 'Staden Kobenhavn\r'),
(1043, 58, 'Storstrom\r'),
(1044, 58, 'Vejle\r'),
(1045, 58, 'Vestsjalland\r'),
(1046, 58, 'Viborg\r'),
(1047, 59, 'Saint Andrew\r'),
(1048, 59, 'Saint David\r'),
(1049, 59, 'Saint George\r'),
(1050, 59, 'Saint John\r'),
(1051, 59, 'Saint Joseph\r'),
(1052, 59, 'Saint Luke\r'),
(1053, 59, 'Saint Mark\r'),
(1054, 59, 'Saint Patrick\r'),
(1055, 59, 'Saint Paul\r'),
(1056, 59, 'Saint Peter\r'),
(1057, 60, 'Azua\r'),
(1058, 60, 'Baoruco\r'),
(1059, 60, 'Barahona\r'),
(1060, 60, 'Dajabon\r'),
(1061, 60, 'Distrito Nacional\r'),
(1062, 60, 'Duarte\r'),
(1063, 60, 'El Seibo\r'),
(1064, 60, 'Elias Pina\r'),
(1065, 60, 'Espaillat\r'),
(1066, 60, 'Hato Mayor\r'),
(1067, 60, 'Independencia\r'),
(1068, 60, 'La Altagracia\r'),
(1069, 60, 'La Romana\r'),
(1070, 60, 'La Vega\r'),
(1071, 60, 'Maria Trinidad Sanchez\r'),
(1072, 60, 'Monsenor Nouel\r'),
(1073, 60, 'Monte Cristi\r'),
(1074, 60, 'Monte Plata\r'),
(1075, 60, 'Pedernales\r'),
(1076, 60, 'Peravia\r'),
(1077, 60, 'Puerto Plata\r'),
(1078, 60, 'Salcedo\r'),
(1079, 60, 'Samana\r'),
(1080, 60, 'San Cristobal\r'),
(1081, 60, 'San Juan\r'),
(1082, 60, 'San Pedro De Macoris\r'),
(1083, 60, 'Sanchez Ramirez\r'),
(1084, 60, 'Santiago\r'),
(1085, 60, 'Santiago Rodriguez\r'),
(1086, 60, 'Valverde\r'),
(1087, 61, 'Adrar\r'),
(1088, 61, 'Ain Defla\r'),
(1089, 61, 'Ain Temouchent\r'),
(1090, 61, 'Alger\r'),
(1091, 61, 'Annaba\r'),
(1092, 61, 'Batna\r'),
(1093, 61, 'Bechar\r'),
(1094, 61, 'Bejaia\r'),
(1095, 61, 'Biskra\r'),
(1096, 61, 'Blida\r'),
(1097, 61, 'Bordj Bou Arreridj\r'),
(1098, 61, 'Bouira\r'),
(1099, 61, 'Boumerdes\r'),
(1100, 61, 'Chlef\r'),
(1101, 61, 'Constantine\r'),
(1102, 61, 'Djelfa\r'),
(1103, 61, 'El Bayadh\r'),
(1104, 61, 'El Oued\r'),
(1105, 61, 'El Tarf\r'),
(1106, 61, 'Ghardaia\r'),
(1107, 61, 'Guelma\r'),
(1108, 61, 'Illizi\r'),
(1109, 61, 'Jijel\r'),
(1110, 61, 'Khenchela\r'),
(1111, 61, 'Laghouat\r'),
(1112, 61, 'M''sila\r'),
(1113, 61, 'Mascara\r'),
(1114, 61, 'Medea\r'),
(1115, 61, 'Mila\r'),
(1116, 61, 'Mostaganem\r'),
(1117, 61, 'Naama\r'),
(1118, 61, 'Oran\r'),
(1119, 61, 'Ouargla\r'),
(1120, 61, 'Oum el Bouaghi\r'),
(1121, 61, 'Relizane\r'),
(1122, 61, 'Saida\r'),
(1123, 61, 'Setif\r'),
(1124, 61, 'Sidi Bel Abbes\r'),
(1125, 61, 'Skikda\r'),
(1126, 61, 'Souk Ahras\r'),
(1127, 61, 'Tamanghasset\r'),
(1128, 61, 'Tebessa\r'),
(1129, 61, 'Tiaret\r'),
(1130, 61, 'Tindouf\r'),
(1131, 61, 'Tipaza\r'),
(1132, 61, 'Tissemsilt\r'),
(1133, 61, 'Tizi Ouzou\r'),
(1134, 61, 'Tlemcen\r'),
(1135, 62, 'Azuay\r'),
(1136, 62, 'Bolivar\r'),
(1137, 62, 'Canar\r'),
(1138, 62, 'Carchi\r'),
(1139, 62, 'Chimborazo\r'),
(1140, 62, 'Cotopaxi\r'),
(1141, 62, 'El Oro\r'),
(1142, 62, 'Esmeraldas\r'),
(1143, 62, 'Galapagos\r'),
(1144, 62, 'Guayas\r'),
(1145, 62, 'Imbabura\r'),
(1146, 62, 'Loja\r'),
(1147, 62, 'Los Rios\r'),
(1148, 62, 'Manabi\r'),
(1149, 62, 'Morona-Santiago\r'),
(1150, 62, 'Napo\r'),
(1151, 62, 'Orellana\r'),
(1152, 62, 'Pastaza\r'),
(1153, 62, 'Pichincha\r'),
(1154, 62, 'Sucumbios\r'),
(1155, 62, 'Tungurahua\r'),
(1156, 62, 'Zamora-Chinchipe\r'),
(1157, 63, 'Harjumaa\r'),
(1158, 63, 'Hiiumaa\r'),
(1159, 63, 'Ida-Virumaa\r'),
(1160, 63, 'Jarvamaa\r'),
(1161, 63, 'Jogevamaa\r'),
(1162, 63, 'Kohtla-Jarve\r'),
(1163, 63, 'Laane-Virumaa\r'),
(1164, 63, 'Laanemaa\r'),
(1165, 63, 'Narva\r'),
(1166, 63, 'Parnu\r'),
(1167, 63, 'Parnumaa\r'),
(1168, 63, 'Polvamaa\r'),
(1169, 63, 'Raplamaa\r'),
(1170, 63, 'Saaremaa\r'),
(1171, 63, 'Sillamae\r'),
(1172, 63, 'Tallinn\r'),
(1173, 63, 'Tartu\r'),
(1174, 63, 'Tartumaa\r'),
(1175, 63, 'Valgamaa\r'),
(1176, 63, 'Viljandimaa\r'),
(1177, 63, 'Vorumaa\r'),
(1178, 64, 'Ad Daqahliyah\r'),
(1179, 64, 'Al Bahr al Ahmar\r'),
(1180, 64, 'Al Buhayrah\r'),
(1181, 64, 'Al Fayyum\r'),
(1182, 64, 'Al Gharbiyah\r'),
(1183, 64, 'Al Iskandariyah\r'),
(1184, 64, 'Al Isma''iliyah\r'),
(1185, 64, 'Al Jizah\r'),
(1186, 64, 'Al Minufiyah\r'),
(1187, 64, 'Al Minya\r'),
(1188, 64, 'Al Qahirah\r'),
(1189, 64, 'Al Qalyubiyah\r'),
(1190, 64, 'Al Wadi al Jadid\r'),
(1191, 64, 'As Suways\r'),
(1192, 64, 'Ash Sharqiyah\r'),
(1193, 64, 'Aswan\r'),
(1194, 64, 'Asyut\r'),
(1195, 64, 'Bani Suwayf\r'),
(1196, 64, 'Bur Sa''id\r'),
(1197, 64, 'Dumyat\r'),
(1198, 64, 'Janub Sina''\r'),
(1199, 64, 'Kafr ash Shaykh\r'),
(1200, 64, 'Matruh\r'),
(1201, 64, 'Qina\r'),
(1202, 64, 'Shamal Sina''\r'),
(1203, 64, 'Suhaj\r'),
(1204, 67, 'Andalucia\r'),
(1205, 67, 'Aragon\r'),
(1206, 67, 'Asturias\r'),
(1207, 67, 'Canarias\r'),
(1208, 67, 'Cantabria\r'),
(1209, 67, 'Castilla y Leon\r'),
(1210, 67, 'Castilla-La Mancha\r'),
(1211, 67, 'Catalonia\r'),
(1212, 67, 'Comunidad Valenciana\r'),
(1213, 67, 'Extremadura\r'),
(1214, 67, 'Galicia\r'),
(1215, 67, 'Islas Baleares\r'),
(1216, 67, 'La Rioja\r'),
(1217, 67, 'Madrid\r'),
(1218, 67, 'Murcia\r'),
(1219, 67, 'Navarra\r'),
(1220, 67, 'Pais Vasco\r'),
(1221, 68, 'Addis Abeba\r'),
(1222, 68, 'Adis Abeba\r'),
(1223, 68, 'Afar\r'),
(1224, 68, 'Amara\r'),
(1225, 68, 'Amhara\r'),
(1226, 68, 'Benishangul\r'),
(1227, 68, 'Binshangul Gumuz\r'),
(1228, 68, 'Dire Dawa\r'),
(1229, 68, 'Gambela Hizboch\r'),
(1230, 68, 'Gambella\r'),
(1231, 68, 'Hareri Hizb\r'),
(1232, 68, 'Oromiya\r'),
(1233, 68, 'Somali\r'),
(1234, 68, 'Southern\r'),
(1235, 68, 'Sumale\r'),
(1236, 68, 'Tigray\r'),
(1237, 68, 'YeDebub Biheroch Bihereseboch na Hizboch\r'),
(1238, 69, ''),
(1239, 69, 'Eastern Finland\r'),
(1240, 69, 'Lapland\r'),
(1241, 69, 'Oulu\r'),
(1242, 69, 'Southern Finland\r'),
(1243, 69, 'Western Finland\r'),
(1244, 70, 'Central\r'),
(1245, 70, 'Eastern\r'),
(1246, 70, 'Northern\r'),
(1247, 70, 'Rotuma\r'),
(1248, 70, 'Western\r'),
(1249, 72, 'Chuuk\r'),
(1250, 72, 'Kosrae\r'),
(1251, 72, 'Pohnpei\r'),
(1252, 72, 'Yap\r'),
(1253, 74, 'Alsace\r'),
(1254, 74, 'Aquitaine\r'),
(1255, 74, 'Auvergne\r'),
(1256, 74, 'Basse-Normandie\r'),
(1257, 74, 'Bourgogne\r'),
(1258, 74, 'Bretagne\r'),
(1259, 74, 'Centre\r'),
(1260, 74, 'Champagne-Ardenne\r'),
(1261, 74, 'Corse\r'),
(1262, 74, 'Franche-Comte\r'),
(1263, 74, 'Haute-Normandie\r'),
(1264, 74, 'Ile-de-France\r'),
(1265, 74, 'Languedoc-Roussillon\r'),
(1266, 74, 'Limousin\r'),
(1267, 74, 'Lorraine\r'),
(1268, 74, 'Midi-Pyrenees\r'),
(1269, 74, 'Nord-Pas-de-Calais\r'),
(1270, 74, 'Pays de la Loire\r'),
(1271, 74, 'Picardie\r'),
(1272, 74, 'Poitou-Charentes\r'),
(1273, 74, 'Provence-Alpes-Cote d''Azur\r'),
(1274, 74, 'Rhone-Alpes\r'),
(1275, 75, 'Estuaire\r'),
(1276, 75, 'Haut-Ogooue\r'),
(1277, 75, 'Moyen-Ogooue\r'),
(1278, 75, 'Ngounie\r'),
(1279, 75, 'Nyanga\r'),
(1280, 75, 'Ogooue-Ivindo\r'),
(1281, 75, 'Ogooue-Lolo\r'),
(1282, 75, 'Ogooue-Maritime\r'),
(1283, 75, 'Woleu-Ntem\r'),
(1284, 76, 'Aberdeen City\r'),
(1285, 76, 'Aberdeenshire\r'),
(1286, 76, 'Angus\r'),
(1287, 76, 'Antrim\r'),
(1288, 76, 'Ards\r'),
(1289, 76, 'Argyll and Bute\r'),
(1290, 76, 'Armagh\r'),
(1291, 76, 'Avon\r'),
(1292, 76, 'Ballymena\r'),
(1293, 76, 'Ballymoney\r'),
(1294, 76, 'Banbridge\r'),
(1295, 76, 'Barking and Dagenham\r'),
(1296, 76, 'Barnet\r'),
(1297, 76, 'Barnsley\r'),
(1298, 76, 'Bath and North East Somerset\r'),
(1299, 76, 'Bedfordshire\r'),
(1300, 76, 'Belfast\r'),
(1301, 76, 'Berkshire\r'),
(1302, 76, 'Bexley\r'),
(1303, 76, 'Birmingham\r'),
(1304, 76, 'Blackburn with Darwen\r'),
(1305, 76, 'Blackpool\r'),
(1306, 76, 'Blaenau Gwent\r'),
(1307, 76, 'Bolton\r'),
(1308, 76, 'Bournemouth\r'),
(1309, 76, 'Bracknell Forest\r'),
(1310, 76, 'Bradford\r'),
(1311, 76, 'Brent\r'),
(1312, 76, 'Bridgend\r'),
(1313, 76, 'Brighton and Hove\r'),
(1314, 76, 'Bristol, City of\r'),
(1315, 76, 'Bromley\r'),
(1316, 76, 'Buckinghamshire\r'),
(1317, 76, 'Bury\r'),
(1318, 76, 'Caerphilly\r'),
(1319, 76, 'Calderdale\r'),
(1320, 76, 'Cambridgeshire\r'),
(1321, 76, 'Camden\r'),
(1322, 76, 'Cardiff\r'),
(1323, 76, 'Carmarthenshire\r'),
(1324, 76, 'Carrickfergus\r'),
(1325, 76, 'Castlereagh\r'),
(1326, 76, 'Central\r'),
(1327, 76, 'Ceredigion\r'),
(1328, 76, 'Cheshire\r'),
(1329, 76, 'Clackmannanshire\r'),
(1330, 76, 'Cleveland\r'),
(1331, 76, 'Clwyd\r'),
(1332, 76, 'Coleraine\r'),
(1333, 76, 'Conwy\r'),
(1334, 76, 'Cookstown\r'),
(1335, 76, 'Cornwall\r'),
(1336, 76, 'Coventry\r'),
(1337, 76, 'Craigavon\r'),
(1338, 76, 'Croydon\r'),
(1339, 76, 'Cumbria\r'),
(1340, 76, 'Darlington\r'),
(1341, 76, 'Denbighshire\r'),
(1342, 76, 'Derby\r'),
(1343, 76, 'Derbyshire\r'),
(1344, 76, 'Derry\r'),
(1345, 76, 'Devon\r'),
(1346, 76, 'Doncaster\r'),
(1347, 76, 'Dorset\r'),
(1348, 76, 'Down\r'),
(1349, 76, 'Dudley\r'),
(1350, 76, 'Dumfries and Galloway\r'),
(1351, 76, 'Dundee City\r'),
(1352, 76, 'Dungannon\r'),
(1353, 76, 'Durham\r'),
(1354, 76, 'Dyfed\r'),
(1355, 76, 'Ealing\r'),
(1356, 76, 'East Ayrshire\r'),
(1357, 76, 'East Dunbartonshire\r'),
(1358, 76, 'East Lothian\r'),
(1359, 76, 'East Renfrewshire\r'),
(1360, 76, 'East Riding of Yorkshire\r'),
(1361, 76, 'East Sussex\r'),
(1362, 76, 'Edinburgh, City of\r'),
(1363, 76, 'Eilean Siar\r'),
(1364, 76, 'Enfield\r'),
(1365, 76, 'Essex\r'),
(1366, 76, 'Falkirk\r'),
(1367, 76, 'Fermanagh\r'),
(1368, 76, 'Fife\r'),
(1369, 76, 'Flintshire\r'),
(1370, 76, 'Gateshead\r'),
(1371, 76, 'Glasgow City\r'),
(1372, 76, 'Gloucestershire\r'),
(1373, 76, 'Grampian\r'),
(1374, 76, 'Greater London\r'),
(1375, 76, 'Greater Manchester\r'),
(1376, 76, 'Greenwich\r'),
(1377, 76, 'Gwent\r'),
(1378, 76, 'Gwynedd\r'),
(1379, 76, 'Hackney\r'),
(1380, 76, 'Halton\r'),
(1381, 76, 'Hammersmith and Fulham\r'),
(1382, 76, 'Hampshire\r'),
(1383, 76, 'Haringey\r'),
(1384, 76, 'Harrow\r'),
(1385, 76, 'Hartlepool\r'),
(1386, 76, 'Havering\r'),
(1387, 76, 'Hereford and Worcester\r'),
(1388, 76, 'Herefordshire\r'),
(1389, 76, 'Hertford\r'),
(1390, 76, 'Highland\r'),
(1391, 76, 'Hillingdon\r'),
(1392, 76, 'Hounslow\r'),
(1393, 76, 'Humberside\r'),
(1394, 76, 'Inverclyde\r'),
(1395, 76, 'Isle of Anglesey\r'),
(1396, 76, 'Isle of Wight\r'),
(1397, 76, 'Islington\r'),
(1398, 76, 'Kensington and Chelsea\r'),
(1399, 76, 'Kent\r'),
(1400, 76, 'Kingston upon Hull, City of\r'),
(1401, 76, 'Kingston upon Thames\r'),
(1402, 76, 'Kirklees\r'),
(1403, 76, 'Knowsley\r'),
(1404, 76, 'Lambeth\r'),
(1405, 76, 'Lancashire\r'),
(1406, 76, 'Larne\r'),
(1407, 76, 'Leeds\r'),
(1408, 76, 'Leicester\r'),
(1409, 76, 'Leicestershire\r'),
(1410, 76, 'Lewisham\r'),
(1411, 76, 'Limavady\r'),
(1412, 76, 'Lincolnshire\r'),
(1413, 76, 'Lisburn\r'),
(1414, 76, 'Liverpool\r'),
(1415, 76, 'London, City of\r'),
(1416, 76, 'Lothian\r'),
(1417, 76, 'Luton\r'),
(1418, 76, 'Magherafelt\r'),
(1419, 76, 'Manchester\r'),
(1420, 76, 'Medway\r'),
(1421, 76, 'Merseyside\r'),
(1422, 76, 'Merthyr Tydfil\r'),
(1423, 76, 'Merton\r'),
(1424, 76, 'Mid Glamorgan\r'),
(1425, 76, 'Middlesbrough\r'),
(1426, 76, 'Midlothian\r'),
(1427, 76, 'Milton Keynes\r'),
(1428, 76, 'Monmouthshire\r'),
(1429, 76, 'Moray\r'),
(1430, 76, 'Moyle\r'),
(1431, 76, 'Neath Port Talbot\r'),
(1432, 76, 'Newcastle upon Tyne\r'),
(1433, 76, 'Newham\r'),
(1434, 76, 'Newport\r'),
(1435, 76, 'Newry and Mourne\r'),
(1436, 76, 'Newtownabbey\r'),
(1437, 76, 'Norfolk\r'),
(1438, 76, 'North Ayrshire\r'),
(1439, 76, 'North Down\r'),
(1440, 76, 'North East Lincolnshire\r'),
(1441, 76, 'North Lanarkshire\r'),
(1442, 76, 'North Lincolnshire\r'),
(1443, 76, 'North Somerset\r'),
(1444, 76, 'North Tyneside\r'),
(1445, 76, 'North Yorkshire\r'),
(1446, 76, 'Northamptonshire\r'),
(1447, 76, 'Northumberland\r'),
(1448, 76, 'Nottingham\r'),
(1449, 76, 'Nottinghamshire\r'),
(1450, 76, 'Oldham\r'),
(1451, 76, 'Omagh\r'),
(1452, 76, 'Orkney\r'),
(1453, 76, 'Oxfordshire\r'),
(1454, 76, 'Pembrokeshire\r'),
(1455, 76, 'Perth and Kinross\r'),
(1456, 76, 'Peterborough\r'),
(1457, 76, 'Plymouth\r'),
(1458, 76, 'Poole\r'),
(1459, 76, 'Portsmouth\r'),
(1460, 76, 'Powys\r'),
(1461, 76, 'Reading\r'),
(1462, 76, 'Redbridge\r'),
(1463, 76, 'Redcar and Cleveland\r'),
(1464, 76, 'Renfrewshire\r'),
(1465, 76, 'Rhondda Cynon Taff\r'),
(1466, 76, 'Richmond upon Thames\r'),
(1467, 76, 'Rochdale\r'),
(1468, 76, 'Rotherham\r'),
(1469, 76, 'Rutland\r'),
(1470, 76, 'Salford\r'),
(1471, 76, 'Sandwell\r'),
(1472, 76, 'Scottish Borders, The\r'),
(1473, 76, 'Sefton\r'),
(1474, 76, 'Sheffield\r'),
(1475, 76, 'Shetland Islands\r'),
(1476, 76, 'Shropshire\r'),
(1477, 76, 'Slough\r'),
(1478, 76, 'Solihull\r'),
(1479, 76, 'Somerset\r'),
(1480, 76, 'South Ayrshire\r'),
(1481, 76, 'South Glamorgan\r'),
(1482, 76, 'South Gloucestershire\r'),
(1483, 76, 'South Lanarkshire\r'),
(1484, 76, 'South Tyneside\r'),
(1485, 76, 'South Yorkshire\r'),
(1486, 76, 'Southampton\r'),
(1487, 76, 'Southend-on-Sea\r'),
(1488, 76, 'Southwark\r'),
(1489, 76, 'St. Helens\r'),
(1490, 76, 'Staffordshire\r'),
(1491, 76, 'Stirling\r'),
(1492, 76, 'Stockport\r'),
(1493, 76, 'Stockton-on-Tees\r'),
(1494, 76, 'Stoke-on-Trent\r'),
(1495, 76, 'Strabane\r'),
(1496, 76, 'Strathclyde\r'),
(1497, 76, 'Suffolk\r'),
(1498, 76, 'Sunderland\r'),
(1499, 76, 'Surrey\r'),
(1500, 76, 'Sutton\r'),
(1501, 76, 'Swansea\r'),
(1502, 76, 'Swindon\r'),
(1503, 76, 'Tameside\r'),
(1504, 76, 'Tayside\r'),
(1505, 76, 'Telford and Wrekin\r'),
(1506, 76, 'Thurrock\r'),
(1507, 76, 'Torbay\r'),
(1508, 76, 'Torfaen\r'),
(1509, 76, 'Tower Hamlets\r'),
(1510, 76, 'Trafford\r'),
(1511, 76, 'Tyne and Wear\r'),
(1512, 76, 'Vale of Glamorgan, The\r'),
(1513, 76, 'Wakefield\r'),
(1514, 76, 'Walsall\r'),
(1515, 76, 'Waltham Forest\r'),
(1516, 76, 'Wandsworth\r'),
(1517, 76, 'Warrington\r'),
(1518, 76, 'Warwickshire\r'),
(1519, 76, 'West Berkshire\r'),
(1520, 76, 'West Dunbartonshire\r'),
(1521, 76, 'West Glamorgan\r'),
(1522, 76, 'West Lothian\r'),
(1523, 76, 'West Midlands\r'),
(1524, 76, 'West Sussex\r'),
(1525, 76, 'West Yorkshire\r'),
(1526, 76, 'Westminster\r'),
(1527, 76, 'Wigan\r'),
(1528, 76, 'Wiltshire\r'),
(1529, 76, 'Windsor and Maidenhead\r'),
(1530, 76, 'Wirral\r'),
(1531, 76, 'Wokingham\r'),
(1532, 76, 'Wolverhampton\r'),
(1533, 76, 'Worcestershire\r'),
(1534, 76, 'Wrexham\r'),
(1535, 76, 'York\r'),
(1536, 77, 'Saint Andrew\r'),
(1537, 77, 'Saint David\r'),
(1538, 77, 'Saint George\r'),
(1539, 77, 'Saint John\r'),
(1540, 77, 'Saint Mark\r'),
(1541, 77, 'Saint Patrick\r'),
(1542, 78, 'Abashis Raioni\r'),
(1543, 78, 'Abkhazia\r'),
(1544, 78, 'Adigenis Raioni\r'),
(1545, 78, 'Ajaria\r'),
(1546, 78, 'Akhalgoris Raioni\r'),
(1547, 78, 'Akhalk''alak''is Raioni\r'),
(1548, 78, 'Akhalts''ikhis Raioni\r'),
(1549, 78, 'Akhmetis Raioni\r'),
(1550, 78, 'Ambrolauris Raioni\r'),
(1551, 78, 'Aspindzis Raioni\r'),
(1552, 78, 'Baghdat''is Raioni\r'),
(1553, 78, 'Bolnisis Raioni\r'),
(1554, 78, 'Borjomis Raioni\r'),
(1555, 78, 'Ch''khorotsqus Raioni\r'),
(1556, 78, 'Ch''okhatauris Raioni\r'),
(1557, 78, 'Chiat''ura\r'),
(1558, 78, 'Dedop''listsqaros Raioni\r'),
(1559, 78, 'Dmanisis Raioni\r'),
(1560, 78, 'Dushet''is Raioni\r'),
(1561, 78, 'Gardabanis Raioni\r'),
(1562, 78, 'Gori\r'),
(1563, 78, 'Goris Raioni\r'),
(1564, 78, 'Gurjaanis Raioni\r'),
(1565, 78, 'Javis Raioni\r'),
(1566, 78, 'K''arelis Raioni\r'),
(1567, 78, 'K''ut''aisi\r'),
(1568, 78, 'Kaspis Raioni\r'),
(1569, 78, 'Kharagaulis Raioni\r'),
(1570, 78, 'Khashuris Raioni\r'),
(1571, 78, 'Khobis Raioni\r'),
(1572, 78, 'Khonis Raioni\r'),
(1573, 78, 'Lagodekhis Raioni\r'),
(1574, 78, 'Lanch''khut''is Raioni\r'),
(1575, 78, 'Lentekhis Raioni\r'),
(1576, 78, 'Marneulis Raioni\r'),
(1577, 78, 'Martvilis Raioni\r'),
(1578, 78, 'Mestiis Raioni\r'),
(1579, 78, 'Mts''khet''is Raioni\r'),
(1580, 78, 'Ninotsmindis Raioni\r'),
(1581, 78, 'Onis Raioni\r'),
(1582, 78, 'Ozurget''is Raioni\r'),
(1583, 78, 'P''ot''i\r'),
(1584, 78, 'Qazbegis Raioni\r'),
(1585, 78, 'Qvarlis Raioni\r'),
(1586, 78, 'Rust''avi\r'),
(1587, 78, 'Sach''kheris Raioni\r'),
(1588, 78, 'Sagarejos Raioni\r'),
(1589, 78, 'Samtrediis Raioni\r'),
(1590, 78, 'Senakis Raioni\r'),
(1591, 78, 'Sighnaghis Raioni\r'),
(1592, 78, 'T''bilisi\r'),
(1593, 78, 'T''elavis Raioni\r'),
(1594, 78, 'T''erjolis Raioni\r'),
(1595, 78, 'T''et''ritsqaros Raioni\r'),
(1596, 78, 'T''ianet''is Raioni\r'),
(1597, 78, 'Tqibuli\r'),
(1598, 78, 'Ts''ageris Raioni\r'),
(1599, 78, 'Tsalenjikhis Raioni\r'),
(1600, 78, 'Tsalkis Raioni\r'),
(1601, 78, 'Tsqaltubo\r'),
(1602, 78, 'Vanis Raioni\r'),
(1603, 78, 'Zestap''onis Raioni\r'),
(1604, 78, 'Zugdidi\r'),
(1605, 78, 'Zugdidis Raioni\r'),
(1606, 81, 'Ashanti\r'),
(1607, 81, 'Brong-Ahafo\r'),
(1608, 81, 'Central\r'),
(1609, 81, 'Eastern\r'),
(1610, 81, 'Greater Accra\r'),
(1611, 81, 'Northern\r'),
(1612, 81, 'Upper East\r'),
(1613, 81, 'Upper West\r'),
(1614, 81, 'Volta\r'),
(1615, 81, 'Western\r'),
(1616, 83, 'Nordgronland\r'),
(1617, 83, 'Ostgronland\r'),
(1618, 83, 'Vestgronland\r'),
(1619, 84, 'Banjul\r'),
(1620, 84, 'Lower River\r'),
(1621, 84, 'MacCarthy Island\r'),
(1622, 84, 'North Bank\r'),
(1623, 84, 'Upper River\r'),
(1624, 84, 'Western\r'),
(1625, 85, 'Beyla\r'),
(1626, 85, 'Boffa\r'),
(1627, 85, 'Boke\r'),
(1628, 85, 'Conakry\r'),
(1629, 85, 'Coyah\r'),
(1630, 85, 'Dabola\r'),
(1631, 85, 'Dalaba\r'),
(1632, 85, 'Dinguiraye\r'),
(1633, 85, 'Dubreka\r'),
(1634, 85, 'Faranah\r'),
(1635, 85, 'Forecariah\r'),
(1636, 85, 'Fria\r'),
(1637, 85, 'Gaoual\r'),
(1638, 85, 'Gueckedou\r'),
(1639, 85, 'Kankan\r'),
(1640, 85, 'Kerouane\r'),
(1641, 85, 'Kindia\r'),
(1642, 85, 'Kissidougou\r'),
(1643, 85, 'Koubia\r'),
(1644, 85, 'Koundara\r'),
(1645, 85, 'Kouroussa\r'),
(1646, 85, 'Labe\r'),
(1647, 85, 'Lelouma\r'),
(1648, 85, 'Lola\r'),
(1649, 85, 'Macenta\r'),
(1650, 85, 'Mali\r'),
(1651, 85, 'Mamou\r'),
(1652, 85, 'Mandiana\r'),
(1653, 85, 'Nzerekore\r'),
(1654, 85, 'Pita\r'),
(1655, 85, 'Siguiri\r'),
(1656, 85, 'Telimele\r'),
(1657, 85, 'Tougue\r'),
(1658, 85, 'Yomou\r'),
(1659, 87, 'Annobon\r'),
(1660, 87, 'Bioko Norte\r'),
(1661, 87, 'Bioko Sur\r'),
(1662, 87, 'Centro Sur\r'),
(1663, 87, 'Kie-Ntem\r'),
(1664, 87, 'Litoral\r'),
(1665, 87, 'Wele-Nzas\r'),
(1666, 88, 'Aitolia kai Akarnania\r'),
(1667, 88, 'Akhaia\r'),
(1668, 88, 'Argolis\r'),
(1669, 88, 'Arkadhia\r'),
(1670, 88, 'Arta\r'),
(1671, 88, 'Attiki\r'),
(1672, 88, 'Dhodhekanisos\r'),
(1673, 88, 'Drama\r'),
(1674, 88, 'Evritania\r'),
(1675, 88, 'Evros\r'),
(1676, 88, 'Evvoia\r'),
(1677, 88, 'Florina\r'),
(1678, 88, 'Fokis\r'),
(1679, 88, 'Fthiotis\r'),
(1680, 88, 'Grevena\r'),
(1681, 88, 'Ilia\r'),
(1682, 88, 'Imathia\r'),
(1683, 88, 'Ioannina\r'),
(1684, 88, 'Iraklion\r'),
(1685, 88, 'Kardhitsa\r'),
(1686, 88, 'Kastoria\r'),
(1687, 88, 'Kavala\r'),
(1688, 88, 'Kefallinia\r'),
(1689, 88, 'Kerkira\r'),
(1690, 88, 'Khalkidhiki\r'),
(1691, 88, 'Khania\r'),
(1692, 88, 'Khios\r'),
(1693, 88, 'Kikladhes\r'),
(1694, 88, 'Kilkis\r'),
(1695, 88, 'Korinthia\r'),
(1696, 88, 'Kozani\r'),
(1697, 88, 'Lakonia\r'),
(1698, 88, 'Larisa\r'),
(1699, 88, 'Lasithi\r'),
(1700, 88, 'Lesvos\r'),
(1701, 88, 'Levkas\r'),
(1702, 88, 'Magnisia\r'),
(1703, 88, 'Messinia\r'),
(1704, 88, 'Pella\r'),
(1705, 88, 'Pieria\r'),
(1706, 88, 'Preveza\r'),
(1707, 88, 'Rethimni\r'),
(1708, 88, 'Rodhopi\r'),
(1709, 88, 'Samos\r'),
(1710, 88, 'Serrai\r'),
(1711, 88, 'Thesprotia\r'),
(1712, 88, 'Thessaloniki\r'),
(1713, 88, 'Trikala\r'),
(1714, 88, 'Voiotia\r'),
(1715, 88, 'Xanthi\r'),
(1716, 88, 'Zakinthos\r'),
(1717, 90, 'Alta Verapaz\r'),
(1718, 90, 'Baja Verapaz\r'),
(1719, 90, 'Chimaltenango\r'),
(1720, 90, 'Chiquimula\r'),
(1721, 90, 'El Progreso\r'),
(1722, 90, 'Escuintla\r'),
(1723, 90, 'Guatemala\r'),
(1724, 90, 'Huehuetenango\r'),
(1725, 90, 'Izabal\r'),
(1726, 90, 'Jalapa\r'),
(1727, 90, 'Jutiapa\r'),
(1728, 90, 'Peten\r'),
(1729, 90, 'Quetzaltenango\r'),
(1730, 90, 'Quiche\r'),
(1731, 90, 'Retalhuleu\r'),
(1732, 90, 'Sacatepequez\r'),
(1733, 90, 'San Marcos\r'),
(1734, 90, 'Santa Rosa\r'),
(1735, 90, 'Solola\r'),
(1736, 90, 'Suchitepequez\r'),
(1737, 90, 'Totonicapan\r'),
(1738, 90, 'Zacapa\r'),
(1739, 92, 'Bafata\r'),
(1740, 92, 'Biombo\r'),
(1741, 92, 'Bissau\r'),
(1742, 92, 'Bolama\r'),
(1743, 92, 'Cacheu\r'),
(1744, 92, 'Gabu\r'),
(1745, 92, 'Oio\r'),
(1746, 92, 'Quinara\r'),
(1747, 92, 'Tombali\r'),
(1748, 93, 'Barima-Waini\r'),
(1749, 93, 'Cuyuni-Mazaruni\r'),
(1750, 93, 'Demerara-Mahaica\r'),
(1751, 93, 'East Berbice-Corentyne\r'),
(1752, 93, 'Essequibo Islands-West Demerara\r'),
(1753, 93, 'Mahaica-Berbice\r'),
(1754, 93, 'Pomeroon-Supenaam\r'),
(1755, 93, 'Potaro-Siparuni\r'),
(1756, 93, 'Upper Demerara-Berbice\r'),
(1757, 93, 'Upper Takutu-Upper Essequibo\r'),
(1758, 96, 'Atlantida\r'),
(1759, 96, 'Choluteca\r'),
(1760, 96, 'Colon\r'),
(1761, 96, 'Comayagua\r'),
(1762, 96, 'Copan\r'),
(1763, 96, 'Cortes\r'),
(1764, 96, 'El Paraiso\r'),
(1765, 96, 'Francisco Morazan\r'),
(1766, 96, 'Gracias a Dios\r'),
(1767, 96, 'Intibuca\r'),
(1768, 96, 'Islas de la Bahia\r'),
(1769, 96, 'La Paz\r'),
(1770, 96, 'Lempira\r'),
(1771, 96, 'Ocotepeque\r'),
(1772, 96, 'Olancho\r'),
(1773, 96, 'Santa Barbara\r'),
(1774, 96, 'Valle\r'),
(1775, 96, 'Yoro\r'),
(1776, 97, 'Bjelovarsko-Bilogorska\r'),
(1777, 97, 'Brodsko-Posavska\r'),
(1778, 97, 'Dubrovacko-Neretvanska\r'),
(1779, 97, 'Grad Zagreb\r'),
(1780, 97, 'Istarska\r'),
(1781, 97, 'Karlovacka\r'),
(1782, 97, 'Koprivnicko-Krizevacka\r'),
(1783, 97, 'Krapinsko-Zagorska\r'),
(1784, 97, 'Licko-Senjska\r'),
(1785, 97, 'Medimurska\r'),
(1786, 97, 'Osjecko-Baranjska\r'),
(1787, 97, 'Pozesko-Slavonska\r'),
(1788, 97, 'Primorsko-Goranska\r'),
(1789, 97, 'Sibensko-Kninska\r'),
(1790, 97, 'Sisacko-Moslavacka\r'),
(1791, 97, 'Splitsko-Dalmatinska\r'),
(1792, 97, 'Varazdinska\r'),
(1793, 97, 'Viroviticko-Podravska\r'),
(1794, 97, 'Vukovarsko-Srijemska\r'),
(1795, 97, 'Zadarska\r'),
(1796, 97, 'Zagrebacka\r'),
(1797, 98, 'Artibonite\r'),
(1798, 98, 'Centre\r'),
(1799, 98, 'Grand'' Anse\r'),
(1800, 98, 'Nord\r'),
(1801, 98, 'Nord-Est\r'),
(1802, 98, 'Nord-Ouest\r'),
(1803, 98, 'Ouest\r'),
(1804, 98, 'Sud\r'),
(1805, 98, 'Sud-Est\r'),
(1806, 99, 'Bacs-Kiskun\r'),
(1807, 99, 'Baranya\r'),
(1808, 99, 'Bekes\r'),
(1809, 99, 'Bekescsaba\r'),
(1810, 99, 'Borsod-Abauj-Zemplen\r'),
(1811, 99, 'Budapest\r'),
(1812, 99, 'Csongrad\r'),
(1813, 99, 'Debrecen\r'),
(1814, 99, 'Dunaujvaros\r'),
(1815, 99, 'Eger\r'),
(1816, 99, 'Fejer\r'),
(1817, 99, 'Gyor\r'),
(1818, 99, 'Gyor-Moson-Sopron\r'),
(1819, 99, 'Hajdu-Bihar\r'),
(1820, 99, 'Heves\r'),
(1821, 99, 'Hodmezovasarhely\r'),
(1822, 99, 'Jasz-Nagykun-Szolnok\r'),
(1823, 99, 'Kaposvar\r'),
(1824, 99, 'Kecskemet\r'),
(1825, 99, 'Komarom-Esztergom\r'),
(1826, 99, 'Miskolc\r'),
(1827, 99, 'Nagykanizsa\r'),
(1828, 99, 'Nograd\r'),
(1829, 99, 'Nyiregyhaza\r'),
(1830, 99, 'Pecs\r'),
(1831, 99, 'Pest\r'),
(1832, 99, 'Somogy\r'),
(1833, 99, 'Sopron\r'),
(1834, 99, 'Szabolcs-Szatmar-Bereg\r'),
(1835, 99, 'Szeged\r'),
(1836, 99, 'Szekesfehervar\r'),
(1837, 99, 'Szolnok\r'),
(1838, 99, 'Szombathely\r'),
(1839, 99, 'Tatabanya\r'),
(1840, 99, 'Tolna\r'),
(1841, 99, 'Vas\r'),
(1842, 99, 'Veszprem\r'),
(1843, 99, 'Zala\r'),
(1844, 99, 'Zalaegerszeg\r'),
(1845, 100, 'Aceh\r'),
(1846, 100, 'Bali\r'),
(1847, 100, 'Banten\r'),
(1848, 100, 'Bengkulu\r'),
(1849, 100, 'Gorontalo\r'),
(1850, 100, 'Jakarta Raya\r'),
(1851, 100, 'Jambi\r'),
(1852, 100, 'Jawa Barat\r'),
(1853, 100, 'Jawa Tengah\r'),
(1854, 100, 'Jawa Timur\r'),
(1855, 100, 'Kalimantan Barat\r'),
(1856, 100, 'Kalimantan Selatan\r'),
(1857, 100, 'Kalimantan Tengah\r'),
(1858, 100, 'Kalimantan Timur\r'),
(1859, 100, 'Kepulauan Bangka Belitung\r'),
(1860, 100, 'Lampung\r'),
(1861, 100, 'Maluku\r'),
(1862, 100, 'Maluku Utara\r'),
(1863, 100, 'Nusa Tenggara Barat\r'),
(1864, 100, 'Nusa Tenggara Timur\r'),
(1865, 100, 'Papua\r'),
(1866, 100, 'Riau\r'),
(1867, 100, 'Sulawesi Selatan\r'),
(1868, 100, 'Sulawesi Tengah\r'),
(1869, 100, 'Sulawesi Tenggara\r'),
(1870, 100, 'Sulawesi Utara\r'),
(1871, 100, 'Sumatera Barat\r'),
(1872, 100, 'Sumatera Selatan\r'),
(1873, 100, 'Sumatera Utara\r'),
(1874, 100, 'Yogyakarta\r'),
(1875, 101, 'Carlow\r'),
(1876, 101, 'Cavan\r'),
(1877, 101, 'Clare\r'),
(1878, 101, 'Cork\r'),
(1879, 101, 'Donegal\r'),
(1880, 101, 'Dublin\r'),
(1881, 101, 'Galway\r'),
(1882, 101, 'Kerry\r'),
(1883, 101, 'Kildare\r'),
(1884, 101, 'Kilkenny\r'),
(1885, 101, 'Laois\r'),
(1886, 101, 'Leitrim\r'),
(1887, 101, 'Limerick\r'),
(1888, 101, 'Longford\r'),
(1889, 101, 'Louth\r'),
(1890, 101, 'Mayo\r'),
(1891, 101, 'Meath\r'),
(1892, 101, 'Monaghan\r'),
(1893, 101, 'Offaly\r'),
(1894, 101, 'Roscommon\r'),
(1895, 101, 'Sligo\r'),
(1896, 101, 'Tipperary\r'),
(1897, 101, 'Waterford\r'),
(1898, 101, 'Westmeath\r'),
(1899, 101, 'Wexford\r'),
(1900, 101, 'Wicklow\r'),
(1901, 102, 'HaDarom\r'),
(1902, 102, 'HaMerkaz\r'),
(1903, 102, 'HaZafon\r'),
(1904, 102, 'Hefa\r'),
(1905, 102, 'Tel Aviv\r'),
(1906, 102, 'Yerushalayim\r'),
(1907, 104, 'Andaman and Nicobar Islands\r'),
(1908, 104, 'Andhra Pradesh\r'),
(1909, 104, 'Arunachal Pradesh\r'),
(1910, 104, 'Assam\r'),
(1911, 104, 'Bihar\r'),
(1912, 104, 'Chandigarh\r'),
(1913, 104, 'Chhattisgarh\r'),
(1914, 104, 'Dadra and Nagar Haveli\r'),
(1915, 104, 'Daman and Diu\r'),
(1916, 104, 'Delhi\r'),
(1917, 104, 'Goa\r'),
(1918, 104, 'Gujarat\r'),
(1919, 104, 'Haryana\r'),
(1920, 104, 'Himachal Pradesh\r'),
(1921, 104, 'Jammu and Kashmir\r'),
(1922, 104, 'Jharkhand\r'),
(1923, 104, 'Karnataka\r'),
(1924, 104, 'Kerala\r'),
(1925, 104, 'Lakshadweep\r'),
(1926, 104, 'Madhya Pradesh\r'),
(1927, 104, 'Maharashtra\r'),
(1928, 104, 'Manipur\r'),
(1929, 104, 'Meghalaya\r'),
(1930, 104, 'Mizoram\r'),
(1931, 104, 'Nagaland\r'),
(1932, 104, 'Orissa\r'),
(1933, 104, 'Pondicherry\r'),
(1934, 104, 'Punjab\r'),
(1935, 104, 'Rajasthan\r'),
(1936, 104, 'Sikkim\r'),
(1937, 104, 'Tamil Nadu\r'),
(1938, 104, 'Tripura\r'),
(1939, 104, 'Uttar Pradesh\r'),
(1940, 104, 'Uttaranchal\r'),
(1941, 104, 'West Bengal\r'),
(1942, 106, 'Al Anbar\r'),
(1943, 106, 'Al Basrah\r'),
(1944, 106, 'Al Muthanna\r'),
(1945, 106, 'Al Qadisiyah\r'),
(1946, 106, 'An Najaf\r'),
(1947, 106, 'Arbil\r'),
(1948, 106, 'As Sulaymaniyah\r'),
(1949, 106, 'At Ta''mim\r'),
(1950, 106, 'Babil\r'),
(1951, 106, 'Baghdad\r'),
(1952, 106, 'Dahuk\r'),
(1953, 106, 'Dhi Qar\r'),
(1954, 106, 'Diyala\r'),
(1955, 106, 'Karbala''\r'),
(1956, 106, 'Maysan\r'),
(1957, 106, 'Ninawa\r'),
(1958, 106, 'Salah ad Din\r'),
(1959, 106, 'Wasit\r'),
(1960, 107, 'Ardabil\r'),
(1961, 107, 'Azarbayjan-e Bakhtari\r'),
(1962, 107, 'Azarbayjan-e Khavari\r'),
(1963, 107, 'Bakhtaran\r'),
(1964, 107, 'Bushehr\r'),
(1965, 107, 'Chahar Mahall va Bakhtiari\r'),
(1966, 107, 'Esfahan\r'),
(1967, 107, 'Fars\r'),
(1968, 107, 'Gilan\r'),
(1969, 107, 'Golestan\r'),
(1970, 107, 'Hamadan\r'),
(1971, 107, 'Hormozgan\r'),
(1972, 107, 'Ilam\r'),
(1973, 107, 'Kerman\r'),
(1974, 107, 'Khorasan\r'),
(1975, 107, 'Khuzestan\r'),
(1976, 107, 'Kohkiluyeh va Buyer Ahmadi\r'),
(1977, 107, 'Kordestan\r'),
(1978, 107, 'Lorestan\r'),
(1979, 107, 'Markazi\r'),
(1980, 107, 'Mazandaran\r'),
(1981, 107, 'Qazvin\r'),
(1982, 107, 'Qom\r'),
(1983, 107, 'Semnan\r'),
(1984, 107, 'Sistan va Baluchestan\r'),
(1985, 107, 'Tehran\r'),
(1986, 107, 'Yazd\r'),
(1987, 107, 'Zanjan\r'),
(1988, 108, 'Akranes\r'),
(1989, 108, 'Akureyri\r'),
(1990, 108, 'Arnessysla\r'),
(1991, 108, 'Austur-Bardastrandarsysla\r'),
(1992, 108, 'Austur-Hunavatnssysla\r'),
(1993, 108, 'Austur-Skaftafellssysla\r'),
(1994, 108, 'Borgarfjardarsysla\r'),
(1995, 108, 'Dalasysla\r'),
(1996, 108, 'Eyjafjardarsysla\r'),
(1997, 108, 'Gullbringusysla\r'),
(1998, 108, 'Hafnarfjordur\r'),
(1999, 108, 'Husavik\r'),
(2000, 108, 'Isafjordur\r'),
(2001, 108, 'Keflavik\r'),
(2002, 108, 'Kjosarsysla\r'),
(2003, 108, 'Kopavogur\r'),
(2004, 108, 'Myrasysla\r'),
(2005, 108, 'Neskaupstadur\r'),
(2006, 108, 'Nordur-Isafjardarsysla\r'),
(2007, 108, 'Nordur-Mulasysla\r'),
(2008, 108, 'Nordur-Tingeyjarsysla\r'),
(2009, 108, 'Olafsfjordur\r'),
(2010, 108, 'Rangarvallasysla\r'),
(2011, 108, 'Reykjavik\r'),
(2012, 108, 'Saudarkrokur\r'),
(2013, 108, 'Seydisfjordur\r'),
(2014, 108, 'Siglufjordur\r'),
(2015, 108, 'Skagafjardarsysla\r'),
(2016, 108, 'Snafellsnes- og Hnappadalssysla\r'),
(2017, 108, 'Strandasysla\r'),
(2018, 108, 'Sudur-Mulasysla\r'),
(2019, 108, 'Sudur-Tingeyjarsysla\r'),
(2020, 108, 'Vestmannaeyjar\r'),
(2021, 108, 'Vestur-Bardastrandarsysla\r'),
(2022, 108, 'Vestur-Hunavatnssysla\r'),
(2023, 108, 'Vestur-Isafjardarsysla\r'),
(2024, 108, 'Vestur-Skaftafellssysla\r'),
(2025, 109, 'Abruzzi\r'),
(2026, 109, 'Basilicata\r'),
(2027, 109, 'Calabria\r'),
(2028, 109, 'Campania\r'),
(2029, 109, 'Emilia-Romagna\r'),
(2030, 109, 'Friuli-Venezia Giulia\r'),
(2031, 109, 'Lazio\r'),
(2032, 109, 'Liguria\r'),
(2033, 109, 'Lombardia\r'),
(2034, 109, 'Marche\r'),
(2035, 109, 'Molise\r'),
(2036, 109, 'Piemonte\r'),
(2037, 109, 'Puglia\r'),
(2038, 109, 'Sardegna\r'),
(2039, 109, 'Sicilia\r'),
(2040, 109, 'Toscana\r'),
(2041, 109, 'Trentino-Alto Adige\r'),
(2042, 109, 'Umbria\r'),
(2043, 109, 'Valle d''Aosta\r'),
(2044, 109, 'Veneto\r'),
(2045, 111, 'Clarendon\r'),
(2046, 111, 'Hanover\r'),
(2047, 111, 'Kingston\r'),
(2048, 111, 'Manchester\r'),
(2049, 111, 'Portland\r'),
(2050, 111, 'Saint Andrew\r'),
(2051, 111, 'Saint Ann\r'),
(2052, 111, 'Saint Catherine\r'),
(2053, 111, 'Saint Elizabeth\r'),
(2054, 111, 'Saint James\r'),
(2055, 111, 'Saint Mary\r'),
(2056, 111, 'Saint Thomas\r'),
(2057, 111, 'Trelawny\r'),
(2058, 111, 'Westmoreland\r'),
(2059, 112, 'Al Balqa''\r'),
(2060, 112, 'Al Karak\r'),
(2061, 112, 'Al Mafraq\r'),
(2062, 112, 'Amman\r'),
(2063, 112, 'At Tafilah\r'),
(2064, 112, 'Az Zarqa\r'),
(2065, 112, 'Irbid\r'),
(2066, 112, 'Ma\r'),
(2067, 113, 'Aichi\r'),
(2068, 113, 'Akita\r'),
(2069, 113, 'Aomori\r'),
(2070, 113, 'Chiba\r'),
(2071, 113, 'Ehime\r'),
(2072, 113, 'Fukui\r'),
(2073, 113, 'Fukuoka\r'),
(2074, 113, 'Fukushima\r'),
(2075, 113, 'Gifu\r'),
(2076, 113, 'Gumma\r'),
(2077, 113, 'Hiroshima\r'),
(2078, 113, 'Hokkaido\r'),
(2079, 113, 'Hyogo\r'),
(2080, 113, 'Ibaraki\r'),
(2081, 113, 'Ishikawa\r'),
(2082, 113, 'Iwate\r'),
(2083, 113, 'Kagawa\r'),
(2084, 113, 'Kagoshima\r'),
(2085, 113, 'Kanagawa\r'),
(2086, 113, 'Kochi\r'),
(2087, 113, 'Kumamoto\r'),
(2088, 113, 'Kyoto\r'),
(2089, 113, 'Mie\r'),
(2090, 113, 'Miyagi\r'),
(2091, 113, 'Miyazaki\r'),
(2092, 113, 'Nagano\r'),
(2093, 113, 'Nagasaki\r'),
(2094, 113, 'Nara\r'),
(2095, 113, 'Niigata\r'),
(2096, 113, 'Oita\r'),
(2097, 113, 'Okayama\r'),
(2098, 113, 'Okinawa\r'),
(2099, 113, 'Osaka\r'),
(2100, 113, 'Saga\r'),
(2101, 113, 'Saitama\r'),
(2102, 113, 'Shiga\r'),
(2103, 113, 'Shimane\r'),
(2104, 113, 'Shizuoka\r'),
(2105, 113, 'Tochigi\r'),
(2106, 113, 'Tokushima\r'),
(2107, 113, 'Tokyo\r'),
(2108, 113, 'Tottori\r'),
(2109, 113, 'Toyama\r'),
(2110, 113, 'Wakayama\r'),
(2111, 113, 'Yamagata\r'),
(2112, 113, 'Yamaguchi\r'),
(2113, 113, 'Yamanashi\r'),
(2114, 114, 'Central\r'),
(2115, 114, 'Coast\r'),
(2116, 114, 'Eastern\r'),
(2117, 114, 'Nairobi Area\r'),
(2118, 114, 'North-Eastern\r'),
(2119, 114, 'Nyanza\r'),
(2120, 114, 'Rift Valley\r'),
(2121, 114, 'Western\r'),
(2122, 115, 'Batken\r'),
(2123, 115, 'Bishkek\r'),
(2124, 115, 'Chuy\r'),
(2125, 115, 'Jalal-Abad\r'),
(2126, 115, 'Naryn\r'),
(2127, 115, 'Osh\r'),
(2128, 115, 'Talas\r'),
(2129, 115, 'Ysyk-Kol\r'),
(2130, 116, 'Batdambang\r'),
(2131, 116, 'Kampong Cham\r'),
(2132, 116, 'Kampong Chhnang\r'),
(2133, 116, 'Kampong Spoe\r'),
(2134, 116, 'Kampong Thum\r'),
(2135, 116, 'Kampot\r'),
(2136, 116, 'Kandal\r'),
(2137, 116, 'Kaoh Kong\r'),
(2138, 116, 'Kracheh\r'),
(2139, 116, 'Mondol Kiri\r'),
(2140, 116, 'Pailin\r'),
(2141, 116, 'Phnum Penh\r'),
(2142, 116, 'Pouthisat\r'),
(2143, 116, 'Preah Vihear\r'),
(2144, 116, 'Prey Veng\r'),
(2145, 116, 'Rotanokiri\r'),
(2146, 116, 'Siemreab-Otdar Meanchey\r'),
(2147, 116, 'Stoeng Treng\r'),
(2148, 116, 'Svay Rieng\r'),
(2149, 116, 'Takev\r'),
(2150, 117, 'Gilbert Islands\r'),
(2151, 117, 'Line Islands\r'),
(2152, 117, 'Phoenix Islands\r'),
(2153, 118, 'Anjouan\r'),
(2154, 118, 'Grande Comore\r'),
(2155, 118, 'Moheli\r'),
(2156, 119, 'Christ Church Nichola Town\r'),
(2157, 119, 'Saint Anne Sandy Point\r'),
(2158, 119, 'Saint George Basseterre\r'),
(2159, 119, 'Saint George Gingerland\r'),
(2160, 119, 'Saint James Windward\r'),
(2161, 119, 'Saint John Capisterre\r'),
(2162, 119, 'Saint John Figtree\r'),
(2163, 119, 'Saint Mary Cayon\r'),
(2164, 119, 'Saint Paul Capisterre\r'),
(2165, 119, 'Saint Paul Charlestown\r'),
(2166, 119, 'Saint Peter Basseterre\r'),
(2167, 119, 'Saint Thomas Lowland\r'),
(2168, 119, 'Saint Thomas Middle Island\r'),
(2169, 119, 'Trinity Palmetto Point\r'),
(2170, 120, 'Chagang-do\r');
INSERT INTO `tbl_region` (`id`, `country_id`, `name`) VALUES
(2171, 120, 'Hamgyong-bukto\r'),
(2172, 120, 'Hamgyong-namdo\r'),
(2173, 120, 'Hwanghae-bukto\r'),
(2174, 120, 'Hwanghae-namdo\r'),
(2175, 120, 'Kaesong-si\r'),
(2176, 120, 'Kangwon-do\r'),
(2177, 120, 'Najin Sonbong-si\r'),
(2178, 120, 'Namp''o-si\r'),
(2179, 120, 'P''yongan-bukto\r'),
(2180, 120, 'P''yongan-namdo\r'),
(2181, 120, 'P''yongyang-si\r'),
(2182, 120, 'Yanggang-do\r'),
(2183, 121, 'Ch''ungch''ong-bukto\r'),
(2184, 121, 'Ch''ungch''ong-namdo\r'),
(2185, 121, 'Cheju-do\r'),
(2186, 121, 'Cholla-bukto\r'),
(2187, 121, 'Cholla-namdo\r'),
(2188, 121, 'Inch''on-jikhalsi\r'),
(2189, 121, 'Kangwon-do\r'),
(2190, 121, 'Kwangju-jikhalsi\r'),
(2191, 121, 'Kyonggi-do\r'),
(2192, 121, 'Kyongsang-bukto\r'),
(2193, 121, 'Kyongsang-namdo\r'),
(2194, 121, 'Pusan-jikhalsi\r'),
(2195, 121, 'Seoul-t''ukpyolsi\r'),
(2196, 121, 'Taegu-jikhalsi\r'),
(2197, 121, 'Taejon-jikhalsi\r'),
(2198, 121, 'Ulsan-gwangyoksi\r'),
(2199, 122, 'Al Ahmadi\r'),
(2200, 122, 'Al Jahra\r'),
(2201, 122, 'Al Kuwayt\r'),
(2202, 122, 'Hawalli\r'),
(2203, 123, 'Creek\r'),
(2204, 123, 'Eastern\r'),
(2205, 123, 'Midland\r'),
(2206, 123, 'South Town\r'),
(2207, 123, 'Spot Bay\r'),
(2208, 123, 'Stake Bay\r'),
(2209, 123, 'West End\r'),
(2210, 123, 'Western\r'),
(2211, 124, ''),
(2212, 124, 'Almaty\r'),
(2213, 124, 'Almaty City\r'),
(2214, 124, 'Aqmola\r'),
(2215, 124, 'Astana\r'),
(2216, 124, 'Atyrau\r'),
(2217, 124, 'Bayqonyr\r'),
(2218, 124, 'East Kazakhstan\r'),
(2219, 124, 'Mangghystau\r'),
(2220, 124, 'North Kazakhstan\r'),
(2221, 124, 'Pavlodar\r'),
(2222, 124, 'Qaraghandy\r'),
(2223, 124, 'Qostanay\r'),
(2224, 124, 'Qyzylorda\r'),
(2225, 124, 'South Kazakhstan\r'),
(2226, 124, 'West Kazakhstan\r'),
(2227, 124, 'Zhambyl\r'),
(2228, 125, 'Attapu\r'),
(2229, 125, 'Champasak\r'),
(2230, 125, 'Houaphan\r'),
(2231, 125, 'Khammouan\r'),
(2232, 125, 'Louang Namtha\r'),
(2233, 125, 'Louangphrabang\r'),
(2234, 125, 'Oudomxai\r'),
(2235, 125, 'Phongsali\r'),
(2236, 125, 'Saravan\r'),
(2237, 125, 'Savannakhet\r'),
(2238, 125, 'Vientiane\r'),
(2239, 125, 'Xaignabouri\r'),
(2240, 125, 'Xiangkhoang\r'),
(2241, 126, 'Beqaa\r'),
(2242, 126, 'Beyrouth\r'),
(2243, 126, 'Liban-Nord\r'),
(2244, 126, 'Liban-Sud\r'),
(2245, 126, 'Mont-Liban\r'),
(2246, 126, 'Nabatiye\r'),
(2247, 127, 'Anse-la-Raye\r'),
(2248, 127, 'Castries\r'),
(2249, 127, 'Choiseul\r'),
(2250, 127, 'Dauphin\r'),
(2251, 127, 'Dennery\r'),
(2252, 127, 'Gros-Islet\r'),
(2253, 127, 'Laborie\r'),
(2254, 127, 'Micoud\r'),
(2255, 127, 'Praslin\r'),
(2256, 127, 'Soufriere\r'),
(2257, 127, 'Vieux-Fort\r'),
(2258, 128, 'Balzers\r'),
(2259, 128, 'Eschen\r'),
(2260, 128, 'Gamprin\r'),
(2261, 128, 'Mauren\r'),
(2262, 128, 'Planken\r'),
(2263, 128, 'Ruggell\r'),
(2264, 128, 'Schaan\r'),
(2265, 128, 'Schellenberg\r'),
(2266, 128, 'Triesen\r'),
(2267, 128, 'Triesenberg\r'),
(2268, 128, 'Vaduz\r'),
(2269, 129, 'Amparai\r'),
(2270, 129, 'Anuradhapura\r'),
(2271, 129, 'Badulla\r'),
(2272, 129, 'Batticaloa\r'),
(2273, 129, 'Colombo\r'),
(2274, 129, 'Galle\r'),
(2275, 129, 'Gampaha\r'),
(2276, 129, 'Hambantota\r'),
(2277, 129, 'Jaffna\r'),
(2278, 129, 'Kalutara\r'),
(2279, 129, 'Kandy\r'),
(2280, 129, 'Kegalla\r'),
(2281, 129, 'Kurunegala\r'),
(2282, 129, 'Mannar\r'),
(2283, 129, 'Matale\r'),
(2284, 129, 'Matara\r'),
(2285, 129, 'Moneragala\r'),
(2286, 129, 'Mullaittivu\r'),
(2287, 129, 'Nuwara Eliya\r'),
(2288, 129, 'Polonnaruwa\r'),
(2289, 129, 'Puttalam\r'),
(2290, 129, 'Ratnapura\r'),
(2291, 129, 'Trincomalee\r'),
(2292, 129, 'Vavuniya\r'),
(2293, 130, 'Bong\r'),
(2294, 130, 'Grand Bassa\r'),
(2295, 130, 'Grand Cape Mount\r'),
(2296, 130, 'Grand Jide\r'),
(2297, 130, 'Lofa\r'),
(2298, 130, 'Maryland\r'),
(2299, 130, 'Monrovia\r'),
(2300, 130, 'Montserrado\r'),
(2301, 130, 'Nimba\r'),
(2302, 130, 'Sino\r'),
(2303, 131, 'Berea\r'),
(2304, 131, 'Butha-Buthe\r'),
(2305, 131, 'Leribe\r'),
(2306, 131, 'Mafeteng\r'),
(2307, 131, 'Maseru\r'),
(2308, 131, 'Mohales Hoek\r'),
(2309, 131, 'Mokhotlong\r'),
(2310, 131, 'Qachas Nek\r'),
(2311, 131, 'Quthing\r'),
(2312, 131, 'Thaba-Tseka\r'),
(2313, 132, 'Alytaus Apskritis\r'),
(2314, 132, 'Kauno Apskritis\r'),
(2315, 132, 'Klaipedos Apskritis\r'),
(2316, 132, 'Marijampoles Apskritis\r'),
(2317, 132, 'Panevezio Apskritis\r'),
(2318, 132, 'Siauliu Apskritis\r'),
(2319, 132, 'Taurages Apskritis\r'),
(2320, 132, 'Telsiu Apskritis\r'),
(2321, 132, 'Utenos Apskritis\r'),
(2322, 132, 'Vilniaus Apskritis\r'),
(2323, 133, 'Diekirch\r'),
(2324, 133, 'Grevenmacher\r'),
(2325, 133, 'Luxembourg\r'),
(2326, 134, ''),
(2327, 134, 'Aizkraukles\r'),
(2328, 134, 'Aluksnes\r'),
(2329, 134, 'Balvu\r'),
(2330, 134, 'Bauskas\r'),
(2331, 134, 'Daugavpils\r'),
(2332, 134, 'Dobeles\r'),
(2333, 134, 'Gulbenes\r'),
(2334, 134, 'Jelgava\r'),
(2335, 134, 'Jelgavas\r'),
(2336, 134, 'Jurmala\r'),
(2337, 134, 'Kuldigas\r'),
(2338, 134, 'Limbazu\r'),
(2339, 134, 'Ludzas\r'),
(2340, 134, 'Madonas\r'),
(2341, 134, 'Ogres\r'),
(2342, 134, 'Preilu\r'),
(2343, 134, 'Riga\r'),
(2344, 134, 'Rigas\r'),
(2345, 134, 'Saldus\r'),
(2346, 134, 'Talsu\r'),
(2347, 134, 'Tukuma\r'),
(2348, 134, 'Valkas\r'),
(2349, 134, 'Valmieras\r'),
(2350, 134, 'Ventspils\r'),
(2351, 135, 'Ajdabiya\r'),
(2352, 135, 'Al\r'),
(2353, 135, 'Al Fatih\r'),
(2354, 135, 'Al Jabal al Akhdar\r'),
(2355, 135, 'Al Jufrah\r'),
(2356, 135, 'Al Khums\r'),
(2357, 135, 'Al Kufrah\r'),
(2358, 135, 'An Nuqat al Khams\r'),
(2359, 135, 'Ash Shati''\r'),
(2360, 135, 'Awbari\r'),
(2361, 135, 'Az Zawiyah\r'),
(2362, 135, 'Banghazi\r'),
(2363, 135, 'Darnah\r'),
(2364, 135, 'Ghadamis\r'),
(2365, 135, 'Gharyan\r'),
(2366, 135, 'Misratah\r'),
(2367, 135, 'Murzuq\r'),
(2368, 135, 'Sabha\r'),
(2369, 135, 'Sawfajjin\r'),
(2370, 135, 'Surt\r'),
(2371, 135, 'Tarabulus\r'),
(2372, 135, 'Tarhunah\r'),
(2373, 135, 'Tubruq\r'),
(2374, 135, 'Yafran\r'),
(2375, 135, 'Zlitan\r'),
(2376, 136, 'Agadir\r'),
(2377, 136, 'Al Hoceima\r'),
(2378, 136, 'Azilal\r'),
(2379, 136, 'Ben Slimane\r'),
(2380, 136, 'Beni Mellal\r'),
(2381, 136, 'Boulemane\r'),
(2382, 136, 'Casablanca\r'),
(2383, 136, 'Chaouen\r'),
(2384, 136, 'El Jadida\r'),
(2385, 136, 'El Kelaa des Srarhna\r'),
(2386, 136, 'Er Rachidia\r'),
(2387, 136, 'Essaouira\r'),
(2388, 136, 'Fes\r'),
(2389, 136, 'Figuig\r'),
(2390, 136, 'Guelmim\r'),
(2391, 136, 'Ifrane\r'),
(2392, 136, 'Kenitra\r'),
(2393, 136, 'Khemisset\r'),
(2394, 136, 'Khenifra\r'),
(2395, 136, 'Khouribga\r'),
(2396, 136, 'Laayoune\r'),
(2397, 136, 'Larache\r'),
(2398, 136, 'Marrakech\r'),
(2399, 136, 'Meknes\r'),
(2400, 136, 'Nador\r'),
(2401, 136, 'Ouarzazate\r'),
(2402, 136, 'Oujda\r'),
(2403, 136, 'Rabat-Sale\r'),
(2404, 136, 'Safi\r'),
(2405, 136, 'Settat\r'),
(2406, 136, 'Sidi Kacem\r'),
(2407, 136, 'Tan-Tan\r'),
(2408, 136, 'Tanger\r'),
(2409, 136, 'Taounate\r'),
(2410, 136, 'Taroudannt\r'),
(2411, 136, 'Tata\r'),
(2412, 136, 'Taza\r'),
(2413, 136, 'Tetouan\r'),
(2414, 136, 'Tiznit\r'),
(2415, 137, 'La Condamine\r'),
(2416, 137, 'Monaco\r'),
(2417, 137, 'Monte-Carlo\r'),
(2418, 138, 'Balti\r'),
(2419, 138, 'Cahul\r'),
(2420, 138, 'Chisinau\r'),
(2421, 138, 'Edinet\r'),
(2422, 138, 'Gagauzia\r'),
(2423, 138, 'Lapusna\r'),
(2424, 138, 'Orhei\r'),
(2425, 138, 'Soroca\r'),
(2426, 138, 'Stinga Nistrului\r'),
(2427, 138, 'Tighina\r'),
(2428, 138, 'Ungheni\r'),
(2429, 141, 'Antananarivo\r'),
(2430, 141, 'Antsiranana\r'),
(2431, 141, 'Fianarantsoa\r'),
(2432, 141, 'Mahajanga\r'),
(2433, 141, 'Toamasina\r'),
(2434, 141, 'Toliara\r'),
(2435, 143, 'Aracinovo\r'),
(2436, 143, 'Bac\r'),
(2437, 143, 'Belcista\r'),
(2438, 143, 'Berovo\r'),
(2439, 143, 'Bistrica\r'),
(2440, 143, 'Bitola\r'),
(2441, 143, 'Blatec\r'),
(2442, 143, 'Bogdanci\r'),
(2443, 143, 'Bogomila\r'),
(2444, 143, 'Bogovinje\r'),
(2445, 143, 'Bosilovo\r'),
(2446, 143, 'Brvenica\r'),
(2447, 143, 'Cair\r'),
(2448, 143, 'Capari\r'),
(2449, 143, 'Caska\r'),
(2450, 143, 'Cegrane\r'),
(2451, 143, 'Centar\r'),
(2452, 143, 'Centar Zupa\r'),
(2453, 143, 'Cesinovo\r'),
(2454, 143, 'Cucer-Sandevo\r'),
(2455, 143, 'Debar\r'),
(2456, 143, 'Delcevo\r'),
(2457, 143, 'Delogozdi\r'),
(2458, 143, 'Demir Hisar\r'),
(2459, 143, 'Demir Kapija\r'),
(2460, 143, 'Dobrusevo\r'),
(2461, 143, 'Dolna Banjica\r'),
(2462, 143, 'Dolneni\r'),
(2463, 143, 'Dorce Petrov\r'),
(2464, 143, 'Drugovo\r'),
(2465, 143, 'Dzepciste\r'),
(2466, 143, 'Gazi Baba\r'),
(2467, 143, 'Gevgelija\r'),
(2468, 143, 'Gostivar\r'),
(2469, 143, 'Gradsko\r'),
(2470, 143, 'Ilinden\r'),
(2471, 143, 'Izvor\r'),
(2472, 143, 'Jegunovce\r'),
(2473, 143, 'Kamenjane\r'),
(2474, 143, 'Karbinci\r'),
(2475, 143, 'Karpos\r'),
(2476, 143, 'Kavadarci\r'),
(2477, 143, 'Kicevo\r'),
(2478, 143, 'Kisela Voda\r'),
(2479, 143, 'Klecevce\r'),
(2480, 143, 'Kocani\r'),
(2481, 143, 'Konce\r'),
(2482, 143, 'Kondovo\r'),
(2483, 143, 'Konopiste\r'),
(2484, 143, 'Kosel\r'),
(2485, 143, 'Kratovo\r'),
(2486, 143, 'Kriva Palanka\r'),
(2487, 143, 'Krivogastani\r'),
(2488, 143, 'Krusevo\r'),
(2489, 143, 'Kuklis\r'),
(2490, 143, 'Kukurecani\r'),
(2491, 143, 'Kumanovo\r'),
(2492, 143, 'Labunista\r'),
(2493, 143, 'Lipkovo\r'),
(2494, 143, 'Lozovo\r'),
(2495, 143, 'Lukovo\r'),
(2496, 143, 'Makedonska Kamenica\r'),
(2497, 143, 'Makedonski Brod\r'),
(2498, 143, 'Mavrovi Anovi\r'),
(2499, 143, 'Meseista\r'),
(2500, 143, 'Miravci\r'),
(2501, 143, 'Mogila\r'),
(2502, 143, 'Murtino\r'),
(2503, 143, 'Negotino\r'),
(2504, 143, 'Negotino-Polosko\r'),
(2505, 143, 'Novaci\r'),
(2506, 143, 'Novo Selo\r'),
(2507, 143, 'Oblesevo\r'),
(2508, 143, 'Ohrid\r'),
(2509, 143, 'Orasac\r'),
(2510, 143, 'Orizari\r'),
(2511, 143, 'Oslomej\r'),
(2512, 143, 'Pehcevo\r'),
(2513, 143, 'Petrovec\r'),
(2514, 143, 'Plasnica\r'),
(2515, 143, 'Podares\r'),
(2516, 143, 'Prilep\r'),
(2517, 143, 'Probistip\r'),
(2518, 143, 'Radovis\r'),
(2519, 143, 'Rankovce\r'),
(2520, 143, 'Resen\r'),
(2521, 143, 'Rosoman\r'),
(2522, 143, 'Rostusa\r'),
(2523, 143, 'Samokov\r'),
(2524, 143, 'Saraj\r'),
(2525, 143, 'Sipkovica\r'),
(2526, 143, 'Sopiste\r'),
(2527, 143, 'Sopotnica\r'),
(2528, 143, 'Srbinovo\r'),
(2529, 143, 'Star Dojran\r'),
(2530, 143, 'Staravina\r'),
(2531, 143, 'Staro Nagoricane\r'),
(2532, 143, 'Stip\r'),
(2533, 143, 'Struga\r'),
(2534, 143, 'Strumica\r'),
(2535, 143, 'Studenicani\r'),
(2536, 143, 'Suto Orizari\r'),
(2537, 143, 'Sveti Nikole\r'),
(2538, 143, 'Tearce\r'),
(2539, 143, 'Tetovo\r'),
(2540, 143, 'Topolcani\r'),
(2541, 143, 'Valandovo\r'),
(2542, 143, 'Vasilevo\r'),
(2543, 143, 'Veles\r'),
(2544, 143, 'Velesta\r'),
(2545, 143, 'Vevcani\r'),
(2546, 143, 'Vinica\r'),
(2547, 143, 'Vitoliste\r'),
(2548, 143, 'Vranestica\r'),
(2549, 143, 'Vrapciste\r'),
(2550, 143, 'Vratnica\r'),
(2551, 143, 'Vrutok\r'),
(2552, 143, 'Zajas\r'),
(2553, 143, 'Zelenikovo\r'),
(2554, 143, 'Zelino\r'),
(2555, 143, 'Zitose\r'),
(2556, 143, 'Zletovo\r'),
(2557, 143, 'Zrnovci\r'),
(2558, 144, 'Bamako\r'),
(2559, 144, 'Gao\r'),
(2560, 144, 'Kayes\r'),
(2561, 144, 'Kidal\r'),
(2562, 144, 'Koulikoro\r'),
(2563, 144, 'Mopti\r'),
(2564, 144, 'Segou\r'),
(2565, 144, 'Sikasso\r'),
(2566, 144, 'Tombouctou\r'),
(2567, 145, 'Chin State\r'),
(2568, 145, 'Irrawaddy\r'),
(2569, 145, 'Kachin State\r'),
(2570, 145, 'Karan State\r'),
(2571, 145, 'Kayah State\r'),
(2572, 145, 'Magwe\r'),
(2573, 145, 'Mandalay\r'),
(2574, 145, 'Mon State\r'),
(2575, 145, 'Pegu\r'),
(2576, 145, 'Rakhine State\r'),
(2577, 145, 'Rangoon\r'),
(2578, 145, 'Sagaing\r'),
(2579, 145, 'Shan State\r'),
(2580, 145, 'Tenasserim\r'),
(2581, 145, 'Yangon\r'),
(2582, 146, 'Arhangay\r'),
(2583, 146, 'Bayan-Olgiy\r'),
(2584, 146, 'Bayanhongor\r'),
(2585, 146, 'Bulgan\r'),
(2586, 146, 'Darhan\r'),
(2587, 146, 'Darhan Uul\r'),
(2588, 146, 'Dornod\r'),
(2589, 146, 'Dornogovi\r'),
(2590, 146, 'Dundgovi\r'),
(2591, 146, 'Dzavhan\r'),
(2592, 146, 'Erdenet\r'),
(2593, 146, 'Govi-Altay\r'),
(2594, 146, 'Govi-Sumber\r'),
(2595, 146, 'Hentiy\r'),
(2596, 146, 'Hovd\r'),
(2597, 146, 'Hovsgol\r'),
(2598, 146, 'Omnogovi\r'),
(2599, 146, 'Orhon\r'),
(2600, 146, 'Ovorhangay\r'),
(2601, 146, 'Selenge\r'),
(2602, 146, 'Suhbaatar\r'),
(2603, 146, 'Tov\r'),
(2604, 146, 'Ulaanbaatar\r'),
(2605, 146, 'Uvs\r'),
(2606, 147, 'Ilhas\r'),
(2607, 147, 'Macau\r'),
(2608, 150, 'Adrar\r'),
(2609, 150, 'Assaba\r'),
(2610, 150, 'Brakna\r'),
(2611, 150, 'Dakhlet Nouadhibou\r'),
(2612, 150, 'Gorgol\r'),
(2613, 150, 'Guidimaka\r'),
(2614, 150, 'Hodh Ech Chargui\r'),
(2615, 150, 'Hodh El Gharbi\r'),
(2616, 150, 'Inchiri\r'),
(2617, 150, 'Tagant\r'),
(2618, 150, 'Tiris Zemmour\r'),
(2619, 150, 'Trarza\r'),
(2620, 151, 'Saint Anthony\r'),
(2621, 151, 'Saint Georges\r'),
(2622, 151, 'Saint Peter\r'),
(2623, 153, 'Agalega Islands\r'),
(2624, 153, 'Black River\r'),
(2625, 153, 'Cargados Carajos\r'),
(2626, 153, 'Flacq\r'),
(2627, 153, 'Grand Port\r'),
(2628, 153, 'Moka\r'),
(2629, 153, 'Pamplemousses\r'),
(2630, 153, 'Plaines Wilhems\r'),
(2631, 153, 'Port Louis\r'),
(2632, 153, 'Riviere du Rempart\r'),
(2633, 153, 'Rodrigues\r'),
(2634, 153, 'Savanne\r'),
(2635, 154, 'Aliff\r'),
(2636, 154, 'Baa\r'),
(2637, 154, 'Daalu\r'),
(2638, 154, 'Faafu\r'),
(2639, 154, 'Gaafu Aliff\r'),
(2640, 154, 'Gaafu Daalu\r'),
(2641, 154, 'Haa Aliff\r'),
(2642, 154, 'Haa Daalu\r'),
(2643, 154, 'Kaafu\r'),
(2644, 154, 'Laamu\r'),
(2645, 154, 'Laviyani\r'),
(2646, 154, 'Meemu\r'),
(2647, 154, 'Naviyani\r'),
(2648, 154, 'Noonu\r'),
(2649, 154, 'Raa\r'),
(2650, 154, 'Seenu\r'),
(2651, 154, 'Shaviyani\r'),
(2652, 154, 'Thaa\r'),
(2653, 154, 'Waavu\r'),
(2654, 155, 'Balaka\r'),
(2655, 155, 'Blantyre\r'),
(2656, 155, 'Chikwawa\r'),
(2657, 155, 'Chiradzulu\r'),
(2658, 155, 'Chitipa\r'),
(2659, 155, 'Dedza\r'),
(2660, 155, 'Dowa\r'),
(2661, 155, 'Karonga\r'),
(2662, 155, 'Kasungu\r'),
(2663, 155, 'Likoma\r'),
(2664, 155, 'Lilongwe\r'),
(2665, 155, 'Machinga\r'),
(2666, 155, 'Mangochi\r'),
(2667, 155, 'Mchinji\r'),
(2668, 155, 'Mulanje\r'),
(2669, 155, 'Mwanza\r'),
(2670, 155, 'Mzimba\r'),
(2671, 155, 'Nkhata Bay\r'),
(2672, 155, 'Nkhotakota\r'),
(2673, 155, 'Nsanje\r'),
(2674, 155, 'Ntcheu\r'),
(2675, 155, 'Ntchisi\r'),
(2676, 155, 'Phalombe\r'),
(2677, 155, 'Rumphi\r'),
(2678, 155, 'Salima\r'),
(2679, 155, 'Thyolo\r'),
(2680, 155, 'Zomba\r'),
(2681, 156, 'Aguascalientes\r'),
(2682, 156, 'Baja California\r'),
(2683, 156, 'Baja California Sur\r'),
(2684, 156, 'Campeche\r'),
(2685, 156, 'Chiapas\r'),
(2686, 156, 'Chihuahua\r'),
(2687, 156, 'Coahuila de Zaragoza\r'),
(2688, 156, 'Colima\r'),
(2689, 156, 'Distrito Federal\r'),
(2690, 156, 'Durango\r'),
(2691, 156, 'Guanajuato\r'),
(2692, 156, 'Guerrero\r'),
(2693, 156, 'Hidalgo\r'),
(2694, 156, 'Jalisco\r'),
(2695, 156, 'Mexico\r'),
(2696, 156, 'Michoacan de Ocampo\r'),
(2697, 156, 'Morelos\r'),
(2698, 156, 'Nayarit\r'),
(2699, 156, 'Nuevo Leon\r'),
(2700, 156, 'Oaxaca\r'),
(2701, 156, 'Puebla\r'),
(2702, 156, 'Queretaro de Arteaga\r'),
(2703, 156, 'Quintana Roo\r'),
(2704, 156, 'San Luis Potosi\r'),
(2705, 156, 'Sinaloa\r'),
(2706, 156, 'Sonora\r'),
(2707, 156, 'Tabasco\r'),
(2708, 156, 'Tamaulipas\r'),
(2709, 156, 'Tlaxcala\r'),
(2710, 156, 'Veracruz-Llave\r'),
(2711, 156, 'Yucatan\r'),
(2712, 156, 'Zacatecas\r'),
(2713, 157, 'Johor\r'),
(2714, 157, 'Kedah\r'),
(2715, 157, 'Kelantan\r'),
(2716, 157, 'Labuan\r'),
(2717, 157, 'Melaka\r'),
(2718, 157, 'Negeri Sembilan\r'),
(2719, 157, 'Pahang\r'),
(2720, 157, 'Perak\r'),
(2721, 157, 'Perlis\r'),
(2722, 157, 'Pulau Pinang\r'),
(2723, 157, 'Sabah\r'),
(2724, 157, 'Sarawak\r'),
(2725, 157, 'Selangor\r'),
(2726, 157, 'Terengganu\r'),
(2727, 157, 'Wilayah Persekutuan\r'),
(2728, 158, 'Cabo Delgado\r'),
(2729, 158, 'Gaza\r'),
(2730, 158, 'Inhambane\r'),
(2731, 158, 'Manica\r'),
(2732, 158, 'Maputo\r'),
(2733, 158, 'Nampula\r'),
(2734, 158, 'Niassa\r'),
(2735, 158, 'Sofala\r'),
(2736, 158, 'Tete\r'),
(2737, 158, 'Zambezia\r'),
(2738, 159, 'Bethanien\r'),
(2739, 159, 'Boesmanland\r'),
(2740, 159, 'Caprivi\r'),
(2741, 159, 'Caprivi Oos\r'),
(2742, 159, 'Damaraland\r'),
(2743, 159, 'Erongo\r'),
(2744, 159, 'Gobabis\r'),
(2745, 159, 'Grootfontein\r'),
(2746, 159, 'Hardap\r'),
(2747, 159, 'Hereroland Oos\r'),
(2748, 159, 'Hereroland Wes\r'),
(2749, 159, 'Kaokoland\r'),
(2750, 159, 'Karas\r'),
(2751, 159, 'Karasburg\r'),
(2752, 159, 'Karibib\r'),
(2753, 159, 'Kavango\r'),
(2754, 159, 'Keetmanshoop\r'),
(2755, 159, 'Kunene\r'),
(2756, 159, 'Luderitz\r'),
(2757, 159, 'Maltahohe\r'),
(2758, 159, 'Mariental\r'),
(2759, 159, 'Namaland\r'),
(2760, 159, 'Ohangwena\r'),
(2761, 159, 'Okahandja\r'),
(2762, 159, 'Okavango\r'),
(2763, 159, 'Omaheke\r'),
(2764, 159, 'Omaruru\r'),
(2765, 159, 'Omusati\r'),
(2766, 159, 'Oshana\r'),
(2767, 159, 'Oshikoto\r'),
(2768, 159, 'Otjiwarongo\r'),
(2769, 159, 'Otjozondjupa\r'),
(2770, 159, 'Outjo\r'),
(2771, 159, 'Owambo\r'),
(2772, 159, 'Rehoboth\r'),
(2773, 159, 'Swakopmund\r'),
(2774, 159, 'Tsumeb\r'),
(2775, 159, 'Windhoek\r'),
(2776, 161, 'Agadez\r'),
(2777, 161, 'Diffa\r'),
(2778, 161, 'Dosso\r'),
(2779, 161, 'Maradi\r'),
(2780, 161, 'Niamey\r'),
(2781, 161, 'Tahoua\r'),
(2782, 161, 'Zinder\r'),
(2783, 163, 'Abia\r'),
(2784, 163, 'Abuja Capital Territory\r'),
(2785, 163, 'Adamawa\r'),
(2786, 163, 'Akwa Ibom\r'),
(2787, 163, 'Anambra\r'),
(2788, 163, 'Bauchi\r'),
(2789, 163, 'Bayelsa\r'),
(2790, 163, 'Benue\r'),
(2791, 163, 'Borno\r'),
(2792, 163, 'Cross River\r'),
(2793, 163, 'Delta\r'),
(2794, 163, 'Ebonyi\r'),
(2795, 163, 'Edo\r'),
(2796, 163, 'Ekiti\r'),
(2797, 163, 'Enugu\r'),
(2798, 163, 'Gombe\r'),
(2799, 163, 'Imo\r'),
(2800, 163, 'Jigawa\r'),
(2801, 163, 'Kaduna\r'),
(2802, 163, 'Kano\r'),
(2803, 163, 'Katsina\r'),
(2804, 163, 'Kebbi\r'),
(2805, 163, 'Kogi\r'),
(2806, 163, 'Kwara\r'),
(2807, 163, 'Lagos\r'),
(2808, 163, 'Nassarawa\r'),
(2809, 163, 'Niger\r'),
(2810, 163, 'Ogun\r'),
(2811, 163, 'Ondo\r'),
(2812, 163, 'Osun\r'),
(2813, 163, 'Oyo\r'),
(2814, 163, 'Plateau\r'),
(2815, 163, 'Rivers\r'),
(2816, 163, 'Sokoto\r'),
(2817, 163, 'Taraba\r'),
(2818, 163, 'Yobe\r'),
(2819, 163, 'Zamfara\r'),
(2820, 164, 'Boaco\r'),
(2821, 164, 'Carazo\r'),
(2822, 164, 'Chinandega\r'),
(2823, 164, 'Chontales\r'),
(2824, 164, 'Esteli\r'),
(2825, 164, 'Granada\r'),
(2826, 164, 'Jinotega\r'),
(2827, 164, 'Leon\r'),
(2828, 164, 'Madriz\r'),
(2829, 164, 'Managua\r'),
(2830, 164, 'Masaya\r'),
(2831, 164, 'Matagalpa\r'),
(2832, 164, 'Nueva Segovia\r'),
(2833, 164, 'Rio San Juan\r'),
(2834, 164, 'Rivas\r'),
(2835, 164, 'Zelaya\r'),
(2836, 165, 'Drenthe\r'),
(2837, 165, 'Dronten\r'),
(2838, 165, 'Flevoland\r'),
(2839, 165, 'Friesland\r'),
(2840, 165, 'Gelderland\r'),
(2841, 165, 'Groningen\r'),
(2842, 165, 'Lelystad\r'),
(2843, 165, 'Limburg\r'),
(2844, 165, 'Noord-Brabant\r'),
(2845, 165, 'Noord-Holland\r'),
(2846, 165, 'Overijssel\r'),
(2847, 165, 'Utrecht\r'),
(2848, 165, 'Zeeland\r'),
(2849, 165, 'Zuid-Holland\r'),
(2850, 165, 'Zuidelijke IJsselmeerpolders\r'),
(2851, 166, 'Akershus\r'),
(2852, 166, 'Aust-Agder\r'),
(2853, 166, 'Buskerud\r'),
(2854, 166, 'Finnmark\r'),
(2855, 166, 'Hedmark\r'),
(2856, 166, 'Hordaland\r'),
(2857, 166, 'More og Romsdal\r'),
(2858, 166, 'Nord-Trondelag\r'),
(2859, 166, 'Nordland\r'),
(2860, 166, 'Oppland\r'),
(2861, 166, 'Oslo\r'),
(2862, 166, 'Ostfold\r'),
(2863, 166, 'Rogaland\r'),
(2864, 166, 'Sogn og Fjordane\r'),
(2865, 166, 'Sor-Trondelag\r'),
(2866, 166, 'Telemark\r'),
(2867, 166, 'Troms\r'),
(2868, 166, 'Vest-Agder\r'),
(2869, 166, 'Vestfold\r'),
(2870, 167, 'Bagmati\r'),
(2871, 167, 'Bheri\r'),
(2872, 167, 'Dhawalagiri\r'),
(2873, 167, 'Gandaki\r'),
(2874, 167, 'Janakpur\r'),
(2875, 167, 'Karnali\r'),
(2876, 167, 'Kosi\r'),
(2877, 167, 'Lumbini\r'),
(2878, 167, 'Mahakali\r'),
(2879, 167, 'Mechi\r'),
(2880, 167, 'Narayani\r'),
(2881, 167, 'Rapti\r'),
(2882, 167, 'Sagarmatha\r'),
(2883, 167, 'Seti\r'),
(2884, 168, 'Aiwo\r'),
(2885, 168, 'Anabar\r'),
(2886, 168, 'Anetan\r'),
(2887, 168, 'Anibare\r'),
(2888, 168, 'Baiti\r'),
(2889, 168, 'Boe\r'),
(2890, 168, 'Buada\r'),
(2891, 168, 'Denigomodu\r'),
(2892, 168, 'Ewa\r'),
(2893, 168, 'Ijuw\r'),
(2894, 168, 'Meneng\r'),
(2895, 168, 'Nibok\r'),
(2896, 168, 'Uaboe\r'),
(2897, 168, 'Yaren\r'),
(2898, 170, 'Akaroa\r'),
(2899, 170, 'Amuri\r'),
(2900, 170, 'Ashburton\r'),
(2901, 170, 'Bay of Islands\r'),
(2902, 170, 'Bruce\r'),
(2903, 170, 'Buller\r'),
(2904, 170, 'Chatham Islands\r'),
(2905, 170, 'Cheviot\r'),
(2906, 170, 'Clifton\r'),
(2907, 170, 'Clutha\r'),
(2908, 170, 'Cook\r'),
(2909, 170, 'Dannevirke\r'),
(2910, 170, 'Egmont\r'),
(2911, 170, 'Eketahuna\r'),
(2912, 170, 'Ellesmere\r'),
(2913, 170, 'Eltham\r'),
(2914, 170, 'Eyre\r'),
(2915, 170, 'Featherston\r'),
(2916, 170, 'Franklin\r'),
(2917, 170, 'Golden Bay\r'),
(2918, 170, 'Great Barrier Island\r'),
(2919, 170, 'Grey\r'),
(2920, 170, 'Hauraki Plains\r'),
(2921, 170, 'Hawera\r'),
(2922, 170, 'Hawke''s Bay\r'),
(2923, 170, 'Heathcote\r'),
(2924, 170, 'Hikurangi\r'),
(2925, 170, 'Hobson\r'),
(2926, 170, 'Hokianga\r'),
(2927, 170, 'Horowhenua\r'),
(2928, 170, 'Hurunui\r'),
(2929, 170, 'Hutt\r'),
(2930, 170, 'Inangahua\r'),
(2931, 170, 'Inglewood\r'),
(2932, 170, 'Kaikoura\r'),
(2933, 170, 'Kairanga\r'),
(2934, 170, 'Kiwitea\r'),
(2935, 170, 'Lake\r'),
(2936, 170, 'Mackenzie\r'),
(2937, 170, 'Malvern\r'),
(2938, 170, 'Manaia\r'),
(2939, 170, 'Manawatu\r'),
(2940, 170, 'Mangonui\r'),
(2941, 170, 'Maniototo\r'),
(2942, 170, 'Marlborough\r'),
(2943, 170, 'Masterton\r'),
(2944, 170, 'Matamata\r'),
(2945, 170, 'Mount Herbert\r'),
(2946, 170, 'Ohinemuri\r'),
(2947, 170, 'Opotiki\r'),
(2948, 170, 'Oroua\r'),
(2949, 170, 'Otamatea\r'),
(2950, 170, 'Otorohanga\r'),
(2951, 170, 'Oxford\r'),
(2952, 170, 'Pahiatua\r'),
(2953, 170, 'Paparua\r'),
(2954, 170, 'Patea\r'),
(2955, 170, 'Piako\r'),
(2956, 170, 'Pohangina\r'),
(2957, 170, 'Raglan\r'),
(2958, 170, 'Rangiora\r'),
(2959, 170, 'Rangitikei\r'),
(2960, 170, 'Rodney\r'),
(2961, 170, 'Rotorua\r'),
(2962, 170, 'Runanga\r'),
(2963, 170, 'Saint Kilda\r'),
(2964, 170, 'Silverpeaks\r'),
(2965, 170, 'Southland\r'),
(2966, 170, 'Stewart Island\r'),
(2967, 170, 'Stratford\r'),
(2968, 170, 'Strathallan\r'),
(2969, 170, 'Taranaki\r'),
(2970, 170, 'Taumarunui\r'),
(2971, 170, 'Taupo\r'),
(2972, 170, 'Tauranga\r'),
(2973, 170, 'Thames-Coromandel\r'),
(2974, 170, 'Tuapeka\r'),
(2975, 170, 'Vincent\r'),
(2976, 170, 'Waiapu\r'),
(2977, 170, 'Waiheke\r'),
(2978, 170, 'Waihemo\r'),
(2979, 170, 'Waikato\r'),
(2980, 170, 'Waikohu\r'),
(2981, 170, 'Waimairi\r'),
(2982, 170, 'Waimarino\r'),
(2983, 170, 'Waimate\r'),
(2984, 170, 'Waimate West\r'),
(2985, 170, 'Waimea\r'),
(2986, 170, 'Waipa\r'),
(2987, 170, 'Waipawa\r'),
(2988, 170, 'Waipukurau\r'),
(2989, 170, 'Wairarapa South\r'),
(2990, 170, 'Wairewa\r'),
(2991, 170, 'Wairoa\r'),
(2992, 170, 'Waitaki\r'),
(2993, 170, 'Waitomo\r'),
(2994, 170, 'Waitotara\r'),
(2995, 170, 'Wallace\r'),
(2996, 170, 'Wanganui\r'),
(2997, 170, 'Waverley\r'),
(2998, 170, 'Westland\r'),
(2999, 170, 'Whakatane\r'),
(3000, 170, 'Whangarei\r'),
(3001, 170, 'Whangaroa\r'),
(3002, 170, 'Woodville\r'),
(3003, 171, 'Ad Dakhiliyah\r'),
(3004, 171, 'Al Batinah\r'),
(3005, 171, 'Al Wusta\r'),
(3006, 171, 'Ash Sharqiyah\r'),
(3007, 171, 'Az Zahirah\r'),
(3008, 171, 'Masqat\r'),
(3009, 171, 'Musandam\r'),
(3010, 171, 'Zufar\r'),
(3011, 172, 'Bocas del Toro\r'),
(3012, 172, 'Chiriqui\r'),
(3013, 172, 'Cocle\r'),
(3014, 172, 'Colon\r'),
(3015, 172, 'Darien\r'),
(3016, 172, 'Herrera\r'),
(3017, 172, 'Los Santos\r'),
(3018, 172, 'Panama\r'),
(3019, 172, 'San Blas\r'),
(3020, 172, 'Veraguas\r'),
(3021, 173, 'Amazonas\r'),
(3022, 173, 'Ancash\r'),
(3023, 173, 'Apurimac\r'),
(3024, 173, 'Arequipa\r'),
(3025, 173, 'Ayacucho\r'),
(3026, 173, 'Cajamarca\r'),
(3027, 173, 'Callao\r'),
(3028, 173, 'Cusco\r'),
(3029, 173, 'Huancavelica\r'),
(3030, 173, 'Huanuco\r'),
(3031, 173, 'Ica\r'),
(3032, 173, 'Junin\r'),
(3033, 173, 'La Libertad\r'),
(3034, 173, 'Lambayeque\r'),
(3035, 173, 'Lima\r'),
(3036, 173, 'Loreto\r'),
(3037, 173, 'Madre de Dios\r'),
(3038, 173, 'Moquegua\r'),
(3039, 173, 'Pasco\r'),
(3040, 173, 'Piura\r'),
(3041, 173, 'Puno\r'),
(3042, 173, 'San Martin\r'),
(3043, 173, 'Tacna\r'),
(3044, 173, 'Tumbes\r'),
(3045, 173, 'Ucayali\r'),
(3046, 175, 'Central\r'),
(3047, 175, 'Chimbu\r'),
(3048, 175, 'East New Britain\r'),
(3049, 175, 'East Sepik\r'),
(3050, 175, 'Eastern Highlands\r'),
(3051, 175, 'Enga\r'),
(3052, 175, 'Gulf\r'),
(3053, 175, 'Madang\r'),
(3054, 175, 'Manus\r'),
(3055, 175, 'Milne Bay\r'),
(3056, 175, 'Morobe\r'),
(3057, 175, 'National Capital\r'),
(3058, 175, 'New Ireland\r'),
(3059, 175, 'North Solomons\r'),
(3060, 175, 'Northern\r'),
(3061, 175, 'Sandaun\r'),
(3062, 175, 'Southern Highlands\r'),
(3063, 175, 'West New Britain\r'),
(3064, 175, 'Western\r'),
(3065, 175, 'Western Highlands\r'),
(3066, 176, 'Abra\r'),
(3067, 176, 'Agusan del Norte\r'),
(3068, 176, 'Agusan del Sur\r'),
(3069, 176, 'Aklan\r'),
(3070, 176, 'Albay\r'),
(3071, 176, 'Angeles\r'),
(3072, 176, 'Antique\r'),
(3073, 176, 'Aurora\r'),
(3074, 176, 'Bacolod\r'),
(3075, 176, 'Bago\r'),
(3076, 176, 'Baguio\r'),
(3077, 176, 'Bais\r'),
(3078, 176, 'Basilan\r'),
(3079, 176, 'Basilan City\r'),
(3080, 176, 'Bataan\r'),
(3081, 176, 'Batanes\r'),
(3082, 176, 'Batangas\r'),
(3083, 176, 'Batangas City\r'),
(3084, 176, 'Benguet\r'),
(3085, 176, 'Bohol\r'),
(3086, 176, 'Bukidnon\r'),
(3087, 176, 'Bulacan\r'),
(3088, 176, 'Butuan\r'),
(3089, 176, 'Cabanatuan\r'),
(3090, 176, 'Cadiz\r'),
(3091, 176, 'Cagayan\r'),
(3092, 176, 'Cagayan de Oro\r'),
(3093, 176, 'Calbayog\r'),
(3094, 176, 'Caloocan\r'),
(3095, 176, 'Camarines Norte\r'),
(3096, 176, 'Camarines Sur\r'),
(3097, 176, 'Camiguin\r'),
(3098, 176, 'Canlaon\r'),
(3099, 176, 'Capiz\r'),
(3100, 176, 'Catanduanes\r'),
(3101, 176, 'Cavite\r'),
(3102, 176, 'Cavite City\r'),
(3103, 176, 'Cebu\r'),
(3104, 176, 'Cebu City\r'),
(3105, 176, 'Cotabato\r'),
(3106, 176, 'Dagupan\r'),
(3107, 176, 'Danao\r'),
(3108, 176, 'Dapitan\r'),
(3109, 176, 'Davao\r'),
(3110, 176, 'Davao City\r'),
(3111, 176, 'Davao del Sur\r'),
(3112, 176, 'Davao Oriental\r'),
(3113, 176, 'Dipolog\r'),
(3114, 176, 'Dumaguete\r'),
(3115, 176, 'Eastern Samar\r'),
(3116, 176, 'General Santos\r'),
(3117, 176, 'Gingoog\r'),
(3118, 176, 'Ifugao\r'),
(3119, 176, 'Iligan\r'),
(3120, 176, 'Ilocos Norte\r'),
(3121, 176, 'Ilocos Sur\r'),
(3122, 176, 'Iloilo\r'),
(3123, 176, 'Iloilo City\r'),
(3124, 176, 'Iriga\r'),
(3125, 176, 'Isabela\r'),
(3126, 176, 'Kalinga-Apayao\r'),
(3127, 176, 'La Carlota\r'),
(3128, 176, 'La Union\r'),
(3129, 176, 'Laguna\r'),
(3130, 176, 'Lanao del Norte\r'),
(3131, 176, 'Lanao del Sur\r'),
(3132, 176, 'Laoag\r'),
(3133, 176, 'Lapu-Lapu\r'),
(3134, 176, 'Legaspi\r'),
(3135, 176, 'Leyte\r'),
(3136, 176, 'Lipa\r'),
(3137, 176, 'Lucena\r'),
(3138, 176, 'Maguindanao\r'),
(3139, 176, 'Mandaue\r'),
(3140, 176, 'Manila\r'),
(3141, 176, 'Marawi\r'),
(3142, 176, 'Marinduque\r'),
(3143, 176, 'Masbate\r'),
(3144, 176, 'Mindoro Occidental\r'),
(3145, 176, 'Mindoro Oriental\r'),
(3146, 176, 'Misamis Occidental\r'),
(3147, 176, 'Misamis Oriental\r'),
(3148, 176, 'Mountain\r'),
(3149, 176, 'Naga\r'),
(3150, 176, 'Negros Occidental\r'),
(3151, 176, 'Negros Oriental\r'),
(3152, 176, 'North Cotabato\r'),
(3153, 176, 'Northern Samar\r'),
(3154, 176, 'Nueva Ecija\r'),
(3155, 176, 'Nueva Vizcaya\r'),
(3156, 176, 'Olongapo\r'),
(3157, 176, 'Ormoc\r'),
(3158, 176, 'Oroquieta\r'),
(3159, 176, 'Ozamis\r'),
(3160, 176, 'Pagadian\r'),
(3161, 176, 'Palawan\r'),
(3162, 176, 'Palayan\r'),
(3163, 176, 'Pampanga\r'),
(3164, 176, 'Pangasinan\r'),
(3165, 176, 'Pasay\r'),
(3166, 176, 'Puerto Princesa\r'),
(3167, 176, 'Quezon\r'),
(3168, 176, 'Quezon City\r'),
(3169, 176, 'Quirino\r'),
(3170, 176, 'Rizal\r'),
(3171, 176, 'Romblon\r'),
(3172, 176, 'Roxas\r'),
(3173, 176, 'Samar\r'),
(3174, 176, 'San Carlos\r'),
(3175, 176, 'San Jose\r'),
(3176, 176, 'San Pablo\r'),
(3177, 176, 'Silay\r'),
(3178, 176, 'Siquijor\r'),
(3179, 176, 'Sorsogon\r'),
(3180, 176, 'South Cotabato\r'),
(3181, 176, 'Southern Leyte\r'),
(3182, 176, 'Sultan Kudarat\r'),
(3183, 176, 'Sulu\r'),
(3184, 176, 'Surigao\r'),
(3185, 176, 'Surigao del Norte\r'),
(3186, 176, 'Surigao del Sur\r'),
(3187, 176, 'Tacloban\r'),
(3188, 176, 'Tagaytay\r'),
(3189, 176, 'Tagbilaran\r'),
(3190, 176, 'Tangub\r'),
(3191, 176, 'Tarlac\r'),
(3192, 176, 'Tawitawi\r'),
(3193, 176, 'Toledo\r'),
(3194, 176, 'Trece Martires\r'),
(3195, 176, 'Zambales\r'),
(3196, 176, 'Zamboanga\r'),
(3197, 176, 'Zamboanga del Norte\r'),
(3198, 176, 'Zamboanga del Sur\r'),
(3199, 177, 'Azad Kashmir\r'),
(3200, 177, 'Balochistan\r'),
(3201, 177, 'Federally Administered Tribal Areas\r'),
(3202, 177, 'Islamabad\r'),
(3203, 177, 'North-West Frontier\r'),
(3204, 177, 'Northern Areas\r'),
(3205, 177, 'Punjab\r'),
(3206, 177, 'Sindh\r'),
(3207, 178, 'Biala Podlaska\r'),
(3208, 178, 'Bialystok\r'),
(3209, 178, 'Bielsko\r'),
(3210, 178, 'Bydgoszcz\r'),
(3211, 178, 'Chelm\r'),
(3212, 178, 'Ciechanow\r'),
(3213, 178, 'Czestochowa\r'),
(3214, 178, 'Dolnoslaskie\r'),
(3215, 178, 'Elblag\r'),
(3216, 178, 'Gdansk\r'),
(3217, 178, 'Gorzow\r'),
(3218, 178, 'Jelenia Gora\r'),
(3219, 178, 'Kalisz\r'),
(3220, 178, 'Katowice\r'),
(3221, 178, 'Kielce\r'),
(3222, 178, 'Konin\r'),
(3223, 178, 'Koszalin\r'),
(3224, 178, 'Krakow\r'),
(3225, 178, 'Krosno\r'),
(3226, 178, 'Kujawsko-Pomorskie\r'),
(3227, 178, 'Legnica\r'),
(3228, 178, 'Leszno\r'),
(3229, 178, 'Lodz\r'),
(3230, 178, 'Lodzkie\r'),
(3231, 178, 'Lomza\r'),
(3232, 178, 'Lubelskie\r'),
(3233, 178, 'Lublin\r'),
(3234, 178, 'Lubuskie\r'),
(3235, 178, 'Malopolskie\r'),
(3236, 178, 'Mazowieckie\r'),
(3237, 178, 'Nowy Sacz\r'),
(3238, 178, 'Olsztyn\r'),
(3239, 178, 'Opole\r'),
(3240, 178, 'Opolskie\r'),
(3241, 178, 'Ostroleka\r'),
(3242, 178, 'Pila\r'),
(3243, 178, 'Piotrkow\r'),
(3244, 178, 'Plock\r'),
(3245, 178, 'Podkarpackie\r'),
(3246, 178, 'Podlaskie\r'),
(3247, 178, 'Pomorskie\r'),
(3248, 178, 'Poznan\r'),
(3249, 178, 'Przemysl\r'),
(3250, 178, 'Radom\r'),
(3251, 178, 'Rzeszow\r'),
(3252, 178, 'Siedlce\r'),
(3253, 178, 'Sieradz\r'),
(3254, 178, 'Skierniewice\r'),
(3255, 178, 'Slaskie\r'),
(3256, 178, 'Slupsk\r'),
(3257, 178, 'Suwalki\r'),
(3258, 178, 'Swietokrzyskie\r'),
(3259, 178, 'Szczecin\r'),
(3260, 178, 'Tarnobrzeg\r'),
(3261, 178, 'Tarnow\r'),
(3262, 178, 'Torun\r'),
(3263, 178, 'Walbrzych\r'),
(3264, 178, 'Warminsko-Mazurskie\r'),
(3265, 178, 'Warszawa\r'),
(3266, 178, 'Wielkopolskie\r'),
(3267, 178, 'Wloclawek\r'),
(3268, 178, 'Wroclaw\r'),
(3269, 178, 'Zachodniopomorskie\r'),
(3270, 178, 'Zamosc\r'),
(3271, 178, 'Zielona Gora\r'),
(3272, 183, 'Aveiro\r'),
(3273, 183, 'Azores\r'),
(3274, 183, 'Beja\r'),
(3275, 183, 'Braga\r'),
(3276, 183, 'Braganca\r'),
(3277, 183, 'Castelo Branco\r'),
(3278, 183, 'Coimbra\r'),
(3279, 183, 'Evora\r'),
(3280, 183, 'Faro\r'),
(3281, 183, 'Guarda\r'),
(3282, 183, 'Leiria\r'),
(3283, 183, 'Lisboa\r'),
(3284, 183, 'Madeira\r'),
(3285, 183, 'Portalegre\r'),
(3286, 183, 'Porto\r'),
(3287, 183, 'Santarem\r'),
(3288, 183, 'Setubal\r'),
(3289, 183, 'Viana do Castelo\r'),
(3290, 183, 'Vila Real\r'),
(3291, 183, 'Viseu\r'),
(3292, 185, 'Alto Paraguay\r'),
(3293, 185, 'Alto Parana\r'),
(3294, 185, 'Amambay\r'),
(3295, 185, 'Boqueron\r'),
(3296, 185, 'Caaguazu\r'),
(3297, 185, 'Caazapa\r'),
(3298, 185, 'Canindeyu\r'),
(3299, 185, 'Central\r'),
(3300, 185, 'Chaco\r'),
(3301, 185, 'Concepcion\r'),
(3302, 185, 'Cordillera\r'),
(3303, 185, 'Guaira\r'),
(3304, 185, 'Itapua\r'),
(3305, 185, 'Misiones\r'),
(3306, 185, 'Neembucu\r'),
(3307, 185, 'Nueva Asuncion\r'),
(3308, 185, 'Paraguari\r'),
(3309, 185, 'Presidente Hayes\r'),
(3310, 185, 'San Pedro\r'),
(3311, 186, 'Ad Dawhah\r'),
(3312, 186, 'Al Ghuwariyah\r'),
(3313, 186, 'Al Jumaliyah\r'),
(3314, 186, 'Al Khawr\r'),
(3315, 186, 'Al Wakrah\r'),
(3316, 186, 'Ar Rayyan\r'),
(3317, 186, 'Jariyan al Batnah\r'),
(3318, 186, 'Madinat ach Shamal\r'),
(3319, 186, 'Umm Sa''id\r'),
(3320, 186, 'Umm Salal\r'),
(3321, 188, 'Alba\r'),
(3322, 188, 'Arad\r'),
(3323, 188, 'Arges\r'),
(3324, 188, 'Bacau\r'),
(3325, 188, 'Bihor\r'),
(3326, 188, 'Bistrita-Nasaud\r'),
(3327, 188, 'Botosani\r'),
(3328, 188, 'Braila\r'),
(3329, 188, 'Brasov\r'),
(3330, 188, 'Bucuresti\r'),
(3331, 188, 'Buzau\r'),
(3332, 188, 'Calarasi\r'),
(3333, 188, 'Caras-Severin\r'),
(3334, 188, 'Cluj\r'),
(3335, 188, 'Constanta\r'),
(3336, 188, 'Covasna\r'),
(3337, 188, 'Dambovita\r'),
(3338, 188, 'Dolj\r'),
(3339, 188, 'Galati\r'),
(3340, 188, 'Giurgiu\r'),
(3341, 188, 'Gorj\r'),
(3342, 188, 'Harghita\r'),
(3343, 188, 'Hunedoara\r'),
(3344, 188, 'Ialomita\r'),
(3345, 188, 'Iasi\r'),
(3346, 188, 'Ilfov\r'),
(3347, 188, 'Maramures\r'),
(3348, 188, 'Mehedinti\r'),
(3349, 188, 'Mures\r'),
(3350, 188, 'Neamt\r'),
(3351, 188, 'Olt\r'),
(3352, 188, 'Prahova\r'),
(3353, 188, 'Salaj\r'),
(3354, 188, 'Satu Mare\r'),
(3355, 188, 'Sibiu\r'),
(3356, 188, 'Suceava\r'),
(3357, 188, 'Teleorman\r'),
(3358, 188, 'Timis\r'),
(3359, 188, 'Tulcea\r'),
(3360, 188, 'Valcea\r'),
(3361, 188, 'Vaslui\r'),
(3362, 188, 'Vrancea\r'),
(3363, 190, 'Adygeya, Republic of\r'),
(3364, 190, 'Aginsky Buryatsky AO\r'),
(3365, 190, 'Altaisky krai\r'),
(3366, 190, 'Amur\r'),
(3367, 190, 'Arkhangel''sk\r'),
(3368, 190, 'Astrakhan''\r'),
(3369, 190, 'Bashkortostan\r'),
(3370, 190, 'Belgorod\r'),
(3371, 190, 'Bryansk\r'),
(3372, 190, 'Buryat\r'),
(3373, 190, 'Chechnya\r'),
(3374, 190, 'Chelyabinsk\r'),
(3375, 190, 'Chita\r'),
(3376, 190, 'Chukot\r'),
(3377, 190, 'Chuvashia\r'),
(3378, 190, 'Dagestan\r'),
(3379, 190, 'Evenk\r'),
(3380, 190, 'Gorno-Altay\r'),
(3381, 190, 'Ingush\r'),
(3382, 190, 'Irkutsk\r'),
(3383, 190, 'Ivanovo\r'),
(3384, 190, 'Kabardin-Balkar\r'),
(3385, 190, 'Kaliningrad\r'),
(3386, 190, 'Kalmyk\r'),
(3387, 190, 'Kaluga\r'),
(3388, 190, 'Kamchatka\r'),
(3389, 190, 'Karachay-Cherkess\r'),
(3390, 190, 'Karelia\r'),
(3391, 190, 'Kemerovo\r'),
(3392, 190, 'Khabarovsk\r'),
(3393, 190, 'Khakass\r'),
(3394, 190, 'Khanty-Mansiy\r'),
(3395, 190, 'Kirov\r'),
(3396, 190, 'Komi\r'),
(3397, 190, 'Komi-Permyak\r'),
(3398, 190, 'Koryak\r'),
(3399, 190, 'Kostroma\r'),
(3400, 190, 'Krasnodar\r'),
(3401, 190, 'Krasnoyarsk\r'),
(3402, 190, 'Kurgan\r'),
(3403, 190, 'Kursk\r'),
(3404, 190, 'Leningrad\r'),
(3405, 190, 'Lipetsk\r'),
(3406, 190, 'Magadan\r'),
(3407, 190, 'Mariy-El\r'),
(3408, 190, 'Mordovia\r'),
(3409, 190, 'Moscow City\r'),
(3410, 190, 'Moskva\r'),
(3411, 190, 'Murmansk\r'),
(3412, 190, 'Nenets\r'),
(3413, 190, 'Nizhegorod\r'),
(3414, 190, 'North Ossetia\r'),
(3415, 190, 'Novgorod\r'),
(3416, 190, 'Novosibirsk\r'),
(3417, 190, 'Omsk\r'),
(3418, 190, 'Orel\r'),
(3419, 190, 'Orenburg\r'),
(3420, 190, 'Penza\r'),
(3421, 190, 'Perm''\r'),
(3422, 190, 'Primor''ye\r'),
(3423, 190, 'Pskov\r'),
(3424, 190, 'Rostov\r'),
(3425, 190, 'Ryazan''\r'),
(3426, 190, 'Saint Petersburg City\r'),
(3427, 190, 'Sakha\r'),
(3428, 190, 'Sakhalin\r'),
(3429, 190, 'Samara\r'),
(3430, 190, 'Saratov\r'),
(3431, 190, 'Smolensk\r'),
(3432, 190, 'Stavropol''\r'),
(3433, 190, 'Sverdlovsk\r'),
(3434, 190, 'Tambovskaya oblast\r'),
(3435, 190, 'Tatarstan\r'),
(3436, 190, 'Taymyr\r'),
(3437, 190, 'Tomsk\r'),
(3438, 190, 'Tula\r'),
(3439, 190, 'Tuva\r'),
(3440, 190, 'Tver''\r'),
(3441, 190, 'Tyumen''\r'),
(3442, 190, 'Udmurt\r'),
(3443, 190, 'Ul''yanovsk\r'),
(3444, 190, 'Ust-Orda Buryat\r'),
(3445, 190, 'Vladimir\r'),
(3446, 190, 'Volgograd\r'),
(3447, 190, 'Vologda\r'),
(3448, 190, 'Voronezh\r'),
(3449, 190, 'Yamal-Nenets\r'),
(3450, 190, 'Yaroslavl''\r'),
(3451, 190, 'Yevrey\r'),
(3452, 191, 'Butare\r'),
(3453, 191, 'Byumba\r'),
(3454, 191, 'Cyangugu\r'),
(3455, 191, 'Gikongoro\r'),
(3456, 191, 'Gisenyi\r'),
(3457, 191, 'Gitarama\r'),
(3458, 191, 'Kibungo\r'),
(3459, 191, 'Kibuye\r'),
(3460, 191, 'Kigali\r'),
(3461, 191, 'Ruhengeri\r'),
(3462, 192, 'Al Bahah\r'),
(3463, 192, 'Al Hudud ash Shamaliyah\r'),
(3464, 192, 'Al Jawf\r'),
(3465, 192, 'Al Madinah\r'),
(3466, 192, 'Al Qasim\r'),
(3467, 192, 'Al Qurayyat\r'),
(3468, 192, 'Ar Riyad\r'),
(3469, 192, 'Ash Sharqiyah\r'),
(3470, 192, 'Ha''il\r'),
(3471, 192, 'Jizan\r'),
(3472, 192, 'Makkah\r'),
(3473, 192, 'Najran\r'),
(3474, 192, 'Tabuk\r'),
(3475, 193, 'Central\r'),
(3476, 193, 'Guadalcanal\r'),
(3477, 193, 'Isabel\r'),
(3478, 193, 'Makira\r'),
(3479, 193, 'Malaita\r'),
(3480, 193, 'Temotu\r'),
(3481, 193, 'Western\r'),
(3482, 194, 'Anse aux Pins\r'),
(3483, 194, 'Anse Boileau\r'),
(3484, 194, 'Anse Etoile\r'),
(3485, 194, 'Anse Louis\r'),
(3486, 194, 'Anse Royale\r'),
(3487, 194, 'Baie Lazare\r'),
(3488, 194, 'Baie Sainte Anne\r'),
(3489, 194, 'Beau Vallon\r'),
(3490, 194, 'Bel Air\r'),
(3491, 194, 'Bel Ombre\r'),
(3492, 194, 'Cascade\r'),
(3493, 194, 'Glacis\r'),
(3494, 194, 'Grand'' Anse\r'),
(3495, 194, 'La Digue\r'),
(3496, 194, 'La Riviere Anglaise\r'),
(3497, 194, 'Mont Buxton\r'),
(3498, 194, 'Mont Fleuri\r'),
(3499, 194, 'Plaisance\r'),
(3500, 194, 'Pointe La Rue\r'),
(3501, 194, 'Port Glaud\r'),
(3502, 194, 'Saint Louis\r'),
(3503, 194, 'Takamaka\r'),
(3504, 195, 'Al Istiwa''iyah\r'),
(3505, 195, 'Al Khartum\r'),
(3506, 195, 'Al Wusta\r'),
(3507, 195, 'Ash Shamaliyah\r'),
(3508, 195, 'Ash Sharqiyah\r'),
(3509, 195, 'Bahr al Ghazal\r'),
(3510, 195, 'Darfur\r'),
(3511, 195, 'Kurdufan\r'),
(3512, 196, 'Alvsborgs Lan\r'),
(3513, 196, 'Blekinge Lan\r'),
(3514, 196, 'Dalarnas Lan\r'),
(3515, 196, 'Gavleborgs Lan\r'),
(3516, 196, 'Goteborgs och Bohus Lan\r'),
(3517, 196, 'Gotlands Lan\r'),
(3518, 196, 'Hallands Lan\r'),
(3519, 196, 'Jamtlands Lan\r'),
(3520, 196, 'Jonkopings Lan\r'),
(3521, 196, 'Kalmar Lan\r'),
(3522, 196, 'Kristianstads Lan\r'),
(3523, 196, 'Kronobergs Lan\r'),
(3524, 196, 'Malmohus Lan\r'),
(3525, 196, 'Norrbottens Lan\r'),
(3526, 196, 'Orebro Lan\r'),
(3527, 196, 'Ostergotlands Lan\r'),
(3528, 196, 'Skane Lan\r'),
(3529, 196, 'Skaraborgs Lan\r'),
(3530, 196, 'Sodermanlands Lan\r'),
(3531, 196, 'Stockholms Lan\r'),
(3532, 196, 'Uppsala Lan\r'),
(3533, 196, 'Varmlands Lan\r'),
(3534, 196, 'Vasterbottens Lan\r'),
(3535, 196, 'Vasternorrlands Lan\r'),
(3536, 196, 'Vastmanlands Lan\r'),
(3537, 196, 'Vastra Gotaland\r'),
(3538, 198, 'Ascension\r'),
(3539, 198, 'Saint Helena\r'),
(3540, 198, 'Tristan da Cunha\r'),
(3541, 199, 'Ajdovscina\r'),
(3542, 199, 'Beltinci\r'),
(3543, 199, 'Bled\r'),
(3544, 199, 'Bohinj\r'),
(3545, 199, 'Borovnica\r'),
(3546, 199, 'Bovec\r'),
(3547, 199, 'Brda\r'),
(3548, 199, 'Brezice\r'),
(3549, 199, 'Brezovica\r'),
(3550, 199, 'Celje\r'),
(3551, 199, 'Cerklje na Gorenjskem\r'),
(3552, 199, 'Cerknica\r'),
(3553, 199, 'Cerkno\r'),
(3554, 199, 'Crensovci\r'),
(3555, 199, 'Crna na Koroskem\r'),
(3556, 199, 'Crnomelj\r'),
(3557, 199, 'Divaca\r'),
(3558, 199, 'Dobrepolje\r'),
(3559, 199, 'Dobrova-Horjul-Polhov Gradec\r'),
(3560, 199, 'Dol pri Ljubljani\r'),
(3561, 199, 'Domzale\r'),
(3562, 199, 'Dornava\r'),
(3563, 199, 'Dravograd\r'),
(3564, 199, 'Duplek\r'),
(3565, 199, 'Gorenja Vas-Poljane\r'),
(3566, 199, 'Gorisnica\r'),
(3567, 199, 'Gornja Radgona\r'),
(3568, 199, 'Gornji Grad\r'),
(3569, 199, 'Gornji Petrovci\r'),
(3570, 199, 'Grosuplje\r'),
(3571, 199, 'Hrastnik\r'),
(3572, 199, 'Hrpelje-Kozina\r'),
(3573, 199, 'Idrija\r'),
(3574, 199, 'Ig\r'),
(3575, 199, 'Ilirska Bistrica\r'),
(3576, 199, 'Ivancna Gorica\r'),
(3577, 199, 'Izola-Isola\r'),
(3578, 199, 'Jesenice\r'),
(3579, 199, 'Jursinci\r'),
(3580, 199, 'Kamnik\r'),
(3581, 199, 'Kanal\r'),
(3582, 199, 'Kidricevo\r'),
(3583, 199, 'Kobarid\r'),
(3584, 199, 'Kobilje\r'),
(3585, 199, 'Kocevje\r'),
(3586, 199, 'Komen\r'),
(3587, 199, 'Koper-Capodistria\r'),
(3588, 199, 'Kozje\r'),
(3589, 199, 'Kranj\r'),
(3590, 199, 'Kranjska Gora\r'),
(3591, 199, 'Krsko\r'),
(3592, 199, 'Kungota\r'),
(3593, 199, 'Kuzma\r'),
(3594, 199, 'Lasko\r'),
(3595, 199, 'Lenart\r'),
(3596, 199, 'Litija\r'),
(3597, 199, 'Ljubljana\r'),
(3598, 199, 'Ljubno\r'),
(3599, 199, 'Ljutomer\r'),
(3600, 199, 'Logatec\r'),
(3601, 199, 'Loska Dolina\r'),
(3602, 199, 'Loski Potok\r'),
(3603, 199, 'Luce\r'),
(3604, 199, 'Lukovica\r'),
(3605, 199, 'Majsperk\r'),
(3606, 199, 'Maribor\r'),
(3607, 199, 'Medvode\r'),
(3608, 199, 'Menges\r'),
(3609, 199, 'Metlika\r'),
(3610, 199, 'Mezica\r'),
(3611, 199, 'Miren-Kostanjevica\r'),
(3612, 199, 'Mislinja\r'),
(3613, 199, 'Moravce\r'),
(3614, 199, 'Moravske Toplice\r'),
(3615, 199, 'Mozirje\r'),
(3616, 199, 'Murska Sobota\r'),
(3617, 199, 'Muta\r'),
(3618, 199, 'Naklo\r'),
(3619, 199, 'Nazarje\r'),
(3620, 199, 'Nova Gorica\r'),
(3621, 199, 'Novo Mesto\r'),
(3622, 199, 'Odranci\r'),
(3623, 199, 'Ormoz\r'),
(3624, 199, 'Osilnica\r'),
(3625, 199, 'Pesnica\r'),
(3626, 199, 'Piran\r'),
(3627, 199, 'Pivka\r'),
(3628, 199, 'Podcetrtek\r'),
(3629, 199, 'Postojna\r'),
(3630, 199, 'Preddvor\r'),
(3631, 199, 'Ptuj\r'),
(3632, 199, 'Puconci\r'),
(3633, 199, 'Racam\r'),
(3634, 199, 'Radece\r'),
(3635, 199, 'Radenci\r'),
(3636, 199, 'Radlje ob Dravi\r'),
(3637, 199, 'Radovljica\r'),
(3638, 199, 'Ribnica\r'),
(3639, 199, 'Rogaska Slatina\r'),
(3640, 199, 'Rogasovci\r'),
(3641, 199, 'Rogatec\r'),
(3642, 199, 'Ruse\r'),
(3643, 199, 'Semic\r'),
(3644, 199, 'Sencur\r'),
(3645, 199, 'Sentilj\r'),
(3646, 199, 'Sentjernej\r'),
(3647, 199, 'Sentjur pri Celju\r'),
(3648, 199, 'Sevnica\r'),
(3649, 199, 'Sezana\r'),
(3650, 199, 'Skocjan\r'),
(3651, 199, 'Skofja Loka\r'),
(3652, 199, 'Skofljica\r'),
(3653, 199, 'Slovenj Gradec\r'),
(3654, 199, 'Slovenska Bistrica\r'),
(3655, 199, 'Slovenske Konjice\r'),
(3656, 199, 'Smarje pri Jelsah\r'),
(3657, 199, 'Smartno ob Paki\r'),
(3658, 199, 'Sostanj\r'),
(3659, 199, 'Starse\r'),
(3660, 199, 'Store\r'),
(3661, 199, 'Sveti Jurij\r'),
(3662, 199, 'Tolmin\r'),
(3663, 199, 'Trbovlje\r'),
(3664, 199, 'Trebnje\r'),
(3665, 199, 'Trzic\r'),
(3666, 199, 'Turnisce\r'),
(3667, 199, 'Velenje\r'),
(3668, 199, 'Velike Lasce\r'),
(3669, 199, 'Videm\r'),
(3670, 199, 'Vipava\r'),
(3671, 199, 'Vitanje\r'),
(3672, 199, 'Vodice\r'),
(3673, 199, 'Vojnik\r'),
(3674, 199, 'Vrhnika\r'),
(3675, 199, 'Vuzenica\r'),
(3676, 199, 'Zagorje ob Savi\r'),
(3677, 199, 'Zalec\r'),
(3678, 199, 'Zavrc\r'),
(3679, 199, 'Zelezniki\r'),
(3680, 199, 'Ziri\r'),
(3681, 199, 'Zrece\r'),
(3682, 201, 'Banska Bystrica\r'),
(3683, 201, 'Bratislava\r'),
(3684, 201, 'Kosice\r'),
(3685, 201, 'Nitra\r'),
(3686, 201, 'Presov\r'),
(3687, 201, 'Trencin\r'),
(3688, 201, 'Trnava\r'),
(3689, 201, 'Zilina\r'),
(3690, 202, 'Eastern\r'),
(3691, 202, 'Northern\r'),
(3692, 202, 'Southern\r'),
(3693, 202, 'Western Area\r'),
(3694, 203, 'Acquaviva\r'),
(3695, 203, 'Borgo Maggiore\r'),
(3696, 203, 'Chiesanuova\r'),
(3697, 203, 'Domagnano\r'),
(3698, 203, 'Faetano\r'),
(3699, 203, 'Fiorentino\r'),
(3700, 203, 'Monte Giardino\r'),
(3701, 203, 'San Marino\r'),
(3702, 203, 'Serravalle\r'),
(3703, 204, 'Dakar\r'),
(3704, 204, 'Diourbel\r'),
(3705, 204, 'Fatick\r'),
(3706, 204, 'Kaolack\r'),
(3707, 204, 'Kolda\r'),
(3708, 204, 'Louga\r'),
(3709, 204, 'Saint-Louis\r'),
(3710, 204, 'Tambacounda\r'),
(3711, 204, 'Thies\r'),
(3712, 204, 'Ziguinchor\r'),
(3713, 205, 'Bakool\r'),
(3714, 205, 'Banaadir\r'),
(3715, 205, 'Bari\r'),
(3716, 205, 'Bay\r'),
(3717, 205, 'Galguduud\r'),
(3718, 205, 'Gedo\r'),
(3719, 205, 'Hiiraan\r'),
(3720, 205, 'Jubbada Dhexe\r'),
(3721, 205, 'Jubbada Hoose\r'),
(3722, 205, 'Mudug\r'),
(3723, 205, 'Nugaal\r'),
(3724, 205, 'Sanaag\r'),
(3725, 205, 'Shabeellaha Dhexe\r'),
(3726, 205, 'Shabeellaha Hoose\r'),
(3727, 205, 'Togdheer\r'),
(3728, 205, 'Woqooyi Galbeed\r'),
(3729, 206, 'Brokopondo\r'),
(3730, 206, 'Commewijne\r'),
(3731, 206, 'Coronie\r'),
(3732, 206, 'Marowijne\r'),
(3733, 206, 'Nickerie\r'),
(3734, 206, 'Para\r'),
(3735, 206, 'Paramaribo\r'),
(3736, 206, 'Saramacca\r'),
(3737, 206, 'Sipaliwini\r'),
(3738, 206, 'Wanica\r'),
(3739, 207, 'Principe\r'),
(3740, 207, 'Sao Tome\r'),
(3741, 208, 'Ahuachapan\r'),
(3742, 208, 'Cabanas\r'),
(3743, 208, 'Chalatenango\r'),
(3744, 208, 'Cuscatlan\r'),
(3745, 208, 'La Libertad\r'),
(3746, 208, 'La Paz\r'),
(3747, 208, 'La Union\r'),
(3748, 208, 'Morazan\r'),
(3749, 208, 'San Miguel\r'),
(3750, 208, 'San Salvador\r'),
(3751, 208, 'San Vicente\r'),
(3752, 208, 'Santa Ana\r'),
(3753, 208, 'Sonsonate\r'),
(3754, 208, 'Usulutan\r'),
(3755, 209, 'Al Hasakah\r'),
(3756, 209, 'Al Ladhiqiyah\r'),
(3757, 209, 'Al Qunaytirah\r'),
(3758, 209, 'Ar Raqqah\r'),
(3759, 209, 'As Suwayda''\r'),
(3760, 209, 'Dar\r'),
(3761, 209, 'Dayr az Zawr\r'),
(3762, 209, 'Dimashq\r'),
(3763, 209, 'Halab\r'),
(3764, 209, 'Hamah\r'),
(3765, 209, 'Hims\r'),
(3766, 209, 'Idlib\r'),
(3767, 209, 'Rif Dimashq\r'),
(3768, 209, 'Tartus\r'),
(3769, 210, 'Hhohho\r'),
(3770, 210, 'Lubombo\r'),
(3771, 210, 'Manzini\r'),
(3772, 210, 'Praslin\r'),
(3773, 210, 'Shiselweni\r'),
(3774, 212, 'Batha\r'),
(3775, 212, 'Biltine\r'),
(3776, 212, 'Borkou-Ennedi-Tibesti\r'),
(3777, 212, 'Chari-Baguirmi\r'),
(3778, 212, 'Guera\r'),
(3779, 212, 'Kanem\r'),
(3780, 212, 'Lac\r'),
(3781, 212, 'Logone Occidental\r'),
(3782, 212, 'Logone Oriental\r'),
(3783, 212, 'Mayo-Kebbi\r'),
(3784, 212, 'Moyen-Chari\r'),
(3785, 212, 'Ouaddai\r'),
(3786, 212, 'Salamat\r'),
(3787, 212, 'Tandjile\r'),
(3788, 214, 'Amlame\r'),
(3789, 214, 'Aneho\r'),
(3790, 214, 'Atakpame\r'),
(3791, 214, 'Badou\r'),
(3792, 214, 'Bafilo\r'),
(3793, 214, 'Bassar\r'),
(3794, 214, 'Dapaong\r'),
(3795, 214, 'Kante\r'),
(3796, 214, 'Klouto\r'),
(3797, 214, 'Kpagouda\r'),
(3798, 214, 'Lama-Kara\r'),
(3799, 214, 'Lome\r'),
(3800, 214, 'Mango\r'),
(3801, 214, 'Niamtougou\r'),
(3802, 214, 'Notse\r'),
(3803, 214, 'Sotouboua\r'),
(3804, 214, 'Tabligbo\r'),
(3805, 214, 'Tchamba\r'),
(3806, 214, 'Tchaoudjo\r'),
(3807, 214, 'Tsevie\r'),
(3808, 214, 'Vogan\r'),
(3809, 215, 'Ang Thong\r'),
(3810, 215, 'Buriram\r'),
(3811, 215, 'Chachoengsao\r'),
(3812, 215, 'Chai Nat\r'),
(3813, 215, 'Chaiyaphum\r'),
(3814, 215, 'Chanthaburi\r'),
(3815, 215, 'Chiang Mai\r'),
(3816, 215, 'Chiang Rai\r'),
(3817, 215, 'Chon Buri\r'),
(3818, 215, 'Chumphon\r'),
(3819, 215, 'Kalasin\r'),
(3820, 215, 'Kamphaeng Phet\r'),
(3821, 215, 'Kanchanaburi\r'),
(3822, 215, 'Khon Kaen\r'),
(3823, 215, 'Krabi\r'),
(3824, 215, 'Krung Thep\r'),
(3825, 215, 'Lampang\r'),
(3826, 215, 'Lamphun\r'),
(3827, 215, 'Loei\r'),
(3828, 215, 'Lop Buri\r'),
(3829, 215, 'Mae Hong Son\r'),
(3830, 215, 'Maha Sarakham\r'),
(3831, 215, 'Mukdahan\r'),
(3832, 215, 'Nakhon Nayok\r'),
(3833, 215, 'Nakhon Pathom\r'),
(3834, 215, 'Nakhon Phanom\r'),
(3835, 215, 'Nakhon Ratchasima\r'),
(3836, 215, 'Nakhon Sawan\r'),
(3837, 215, 'Nakhon Si Thammarat\r'),
(3838, 215, 'Nan\r'),
(3839, 215, 'Narathiwat\r'),
(3840, 215, 'Nong Khai\r'),
(3841, 215, 'Nonthaburi\r'),
(3842, 215, 'Pathum Thani\r'),
(3843, 215, 'Pattani\r'),
(3844, 215, 'Phangnga\r'),
(3845, 215, 'Phatthalung\r'),
(3846, 215, 'Phayao\r'),
(3847, 215, 'Phetchabun\r'),
(3848, 215, 'Phetchaburi\r'),
(3849, 215, 'Phichit\r'),
(3850, 215, 'Phitsanulok\r'),
(3851, 215, 'Phra Nakhon Si Ayutthaya\r'),
(3852, 215, 'Phrae\r'),
(3853, 215, 'Phuket\r'),
(3854, 215, 'Prachin Buri\r'),
(3855, 215, 'Prachuap Khiri Khan\r'),
(3856, 215, 'Ranong\r'),
(3857, 215, 'Ratchaburi\r'),
(3858, 215, 'Rayong\r'),
(3859, 215, 'Roi Et\r'),
(3860, 215, 'Sakon Nakhon\r'),
(3861, 215, 'Samut Prakan\r'),
(3862, 215, 'Samut Sakhon\r'),
(3863, 215, 'Samut Songkhram\r'),
(3864, 215, 'Saraburi\r'),
(3865, 215, 'Satun\r'),
(3866, 215, 'Sing Buri\r'),
(3867, 215, 'Sisaket\r'),
(3868, 215, 'Songkhla\r'),
(3869, 215, 'Sukhothai\r'),
(3870, 215, 'Suphan Buri\r'),
(3871, 215, 'Surat Thani\r'),
(3872, 215, 'Surin\r'),
(3873, 215, 'Tak\r'),
(3874, 215, 'Trang\r'),
(3875, 215, 'Trat\r'),
(3876, 215, 'Ubon Ratchathani\r'),
(3877, 215, 'Udon Thani\r'),
(3878, 215, 'Uthai Thani\r'),
(3879, 215, 'Uttaradit\r'),
(3880, 215, 'Yala\r'),
(3881, 215, 'Yasothon\r'),
(3882, 216, 'Khatlon\r'),
(3883, 216, 'Kuhistoni Badakhshon\r'),
(3884, 216, 'Sughd\r'),
(3885, 219, 'Ahal\r'),
(3886, 219, 'Balkan\r'),
(3887, 219, 'Dashoguz\r'),
(3888, 219, 'Lebap\r'),
(3889, 219, 'Mary\r'),
(3890, 220, 'Al Mahdiyah\r'),
(3891, 220, 'Al Munastir\r'),
(3892, 220, 'Al Qasrayn\r'),
(3893, 220, 'Al Qayrawan\r'),
(3894, 220, 'Ariana\r'),
(3895, 220, 'Bajah\r'),
(3896, 220, 'Banzart\r'),
(3897, 220, 'Bin\r'),
(3898, 220, 'Jundubah\r'),
(3899, 220, 'Kef\r'),
(3900, 220, 'Madanin\r'),
(3901, 220, 'Manouba\r'),
(3902, 220, 'Nabul\r'),
(3903, 220, 'Qabis\r'),
(3904, 220, 'Qafsah\r'),
(3905, 220, 'Qibili\r'),
(3906, 220, 'Safaqis\r'),
(3907, 220, 'Sidi Bu Zayd\r'),
(3908, 220, 'Silyanah\r'),
(3909, 220, 'Susah\r'),
(3910, 220, 'Tatawin\r'),
(3911, 220, 'Tawzar\r'),
(3912, 220, 'Tunis\r'),
(3913, 220, 'Zaghwan\r'),
(3914, 221, 'Ha\r'),
(3915, 221, 'Tongatapu\r'),
(3916, 221, 'Vava\r'),
(3917, 222, 'Adana\r'),
(3918, 222, 'Adiyaman\r'),
(3919, 222, 'Afyon\r'),
(3920, 222, 'Agri\r'),
(3921, 222, 'Aksaray\r'),
(3922, 222, 'Amasya\r'),
(3923, 222, 'Ankara\r'),
(3924, 222, 'Antalya\r'),
(3925, 222, 'Ardahan\r'),
(3926, 222, 'Artvin\r'),
(3927, 222, 'Aydin\r'),
(3928, 222, 'Balikesir\r'),
(3929, 222, 'Bartin\r'),
(3930, 222, 'Batman\r'),
(3931, 222, 'Bayburt\r'),
(3932, 222, 'Bilecik\r'),
(3933, 222, 'Bingol\r'),
(3934, 222, 'Bitlis\r'),
(3935, 222, 'Bolu\r'),
(3936, 222, 'Burdur\r'),
(3937, 222, 'Bursa\r'),
(3938, 222, 'Canakkale\r'),
(3939, 222, 'Cankiri\r'),
(3940, 222, 'Corum\r'),
(3941, 222, 'Denizli\r'),
(3942, 222, 'Diyarbakir\r'),
(3943, 222, 'Duzce\r'),
(3944, 222, 'Edirne\r'),
(3945, 222, 'Elazig\r'),
(3946, 222, 'Erzincan\r'),
(3947, 222, 'Erzurum\r'),
(3948, 222, 'Eskisehir\r'),
(3949, 222, 'Gaziantep\r'),
(3950, 222, 'Giresun\r'),
(3951, 222, 'Gumushane\r'),
(3952, 222, 'Hakkari\r'),
(3953, 222, 'Hatay\r'),
(3954, 222, 'Icel / Mersin'),
(3955, 222, 'Igdir\r'),
(3956, 222, 'Isparta\r'),
(3957, 222, 'Istanbul\r'),
(3958, 222, 'Izmir\r'),
(3959, 222, 'Kahramanmaras\r'),
(3960, 222, 'Karabuk\r'),
(3961, 222, 'Karaman\r'),
(3962, 222, 'Kars\r'),
(3963, 222, 'Kastamonu\r'),
(3964, 222, 'Kayseri\r'),
(3965, 222, 'Kilis\r'),
(3966, 222, 'Kirikkale\r'),
(3967, 222, 'Kirklareli\r'),
(3968, 222, 'Kirsehir\r'),
(3969, 222, 'Kocaeli\r'),
(3970, 222, 'Konya\r'),
(3971, 222, 'Kutahya\r'),
(3972, 222, 'Malatya\r'),
(3973, 222, 'Manisa\r'),
(3974, 222, 'Mardin\r'),
(3975, 222, 'Mugla\r'),
(3976, 222, 'Mus\r'),
(3977, 222, 'Nevsehir\r'),
(3978, 222, 'Nigde\r'),
(3979, 222, 'Ordu\r'),
(3980, 222, 'Osmaniye\r'),
(3981, 222, 'Rize\r'),
(3982, 222, 'Sakarya\r'),
(3983, 222, 'Samsun\r'),
(3984, 222, 'Sanliurfa\r'),
(3985, 222, 'Siirt\r'),
(3986, 222, 'Sinop\r'),
(3987, 222, 'Sirnak\r'),
(3988, 222, 'Sivas\r'),
(3989, 222, 'Tekirdag\r'),
(3990, 222, 'Tokat\r'),
(3991, 222, 'Trabzon\r'),
(3992, 222, 'Tunceli\r'),
(3993, 222, 'Usak\r'),
(3994, 222, 'Van\r'),
(3995, 222, 'Yalova\r'),
(3996, 222, 'Yozgat\r'),
(3997, 222, 'Zonguldak\r'),
(3998, 223, 'Arima\r'),
(3999, 223, 'Caroni\r'),
(4000, 223, 'Mayaro\r'),
(4001, 223, 'Nariva\r'),
(4002, 223, 'Port-of-Spain\r'),
(4003, 223, 'Saint Andrew\r'),
(4004, 223, 'Saint David\r'),
(4005, 223, 'Saint George\r'),
(4006, 223, 'Saint Patrick\r'),
(4007, 223, 'San Fernando\r'),
(4008, 223, 'Tobago\r'),
(4009, 223, 'Victoria\r'),
(4010, 225, 'Fu-chien\r'),
(4011, 225, 'Kao-hsiung\r'),
(4012, 225, 'T''ai-pei\r'),
(4013, 225, 'T''ai-wan\r'),
(4014, 226, 'Arusha\r'),
(4015, 226, 'Dar es Salaam\r'),
(4016, 226, 'Dodoma\r'),
(4017, 226, 'Iringa\r'),
(4018, 226, 'Kagera\r'),
(4019, 226, 'Kigoma\r'),
(4020, 226, 'Kilimanjaro\r'),
(4021, 226, 'Lindi\r'),
(4022, 226, 'Mara\r'),
(4023, 226, 'Mbeya\r'),
(4024, 226, 'Morogoro\r'),
(4025, 226, 'Mtwara\r'),
(4026, 226, 'Mwanza\r'),
(4027, 226, 'Pemba North\r'),
(4028, 226, 'Pemba South\r'),
(4029, 226, 'Pwani\r'),
(4030, 226, 'Rukwa\r'),
(4031, 226, 'Ruvuma\r'),
(4032, 226, 'Shinyanga\r'),
(4033, 226, 'Singida\r'),
(4034, 226, 'Tabora\r'),
(4035, 226, 'Tanga\r'),
(4036, 226, 'Zanzibar Central\r'),
(4037, 226, 'Zanzibar North\r'),
(4038, 226, 'Zanzibar Urban\r'),
(4039, 227, 'Cherkas''ka Oblast''\r'),
(4040, 227, 'Chernihivs''ka Oblast''\r'),
(4041, 227, 'Chernivets''ka Oblast''\r'),
(4042, 227, 'Dnipropetrovs''ka Oblast''\r'),
(4043, 227, 'Donets''ka Oblast''\r'),
(4044, 227, 'Ivano-Frankivs''ka Oblast''\r'),
(4045, 227, 'Kharkivs''ka Oblast''\r'),
(4046, 227, 'Khersons''ka Oblast''\r'),
(4047, 227, 'Khmel''nyts''ka Oblast''\r'),
(4048, 227, 'Kirovohrads''ka Oblast''\r'),
(4049, 227, 'Krym\r'),
(4050, 227, 'Kyyiv\r'),
(4051, 227, 'Kyyivs''ka Oblast''\r'),
(4052, 227, 'L''vivs''ka Oblast''\r'),
(4053, 227, 'Luhans''ka Oblast''\r'),
(4054, 227, 'Mykolayivs''ka Oblast''\r'),
(4055, 227, 'Odes''ka Oblast''\r'),
(4056, 227, 'Poltavs''ka Oblast''\r'),
(4057, 227, 'Rivnens''ka Oblast''\r'),
(4058, 227, 'Sevastopol''\r'),
(4059, 227, 'Sums''ka Oblast''\r'),
(4060, 227, 'Ternopil''s''ka Oblast''\r'),
(4061, 227, 'Vinnyts''ka Oblast''\r'),
(4062, 227, 'Volyns''ka Oblast''\r'),
(4063, 227, 'Zakarpats''ka Oblast''\r'),
(4064, 227, 'Zaporiz''ka Oblast''\r'),
(4065, 227, 'Zhytomyrs''ka Oblast''\r'),
(4066, 228, 'Adjumani\r'),
(4067, 228, 'Arua\r'),
(4068, 228, 'Bugiri\r'),
(4069, 228, 'Busia\r'),
(4070, 228, 'Busoga\r'),
(4071, 228, 'Central\r'),
(4072, 228, 'Eastern\r'),
(4073, 228, 'Iganga\r'),
(4074, 228, 'Kabarole\r'),
(4075, 228, 'Kaberamaido\r'),
(4076, 228, 'Kampala\r'),
(4077, 228, 'Kamwenge\r'),
(4078, 228, 'Kanungu\r'),
(4079, 228, 'Karamoja\r'),
(4080, 228, 'Katakwi\r'),
(4081, 228, 'Kayunga\r'),
(4082, 228, 'Kitgum\r'),
(4083, 228, 'Kyenjojo\r'),
(4084, 228, 'Mayuge\r'),
(4085, 228, 'Mbale\r'),
(4086, 228, 'Moroto\r'),
(4087, 228, 'Mpigi\r'),
(4088, 228, 'Mukono\r'),
(4089, 228, 'Nakapiripirit\r'),
(4090, 228, 'Nakasongola\r'),
(4091, 228, 'Nile\r'),
(4092, 228, 'North Buganda\r'),
(4093, 228, 'Northern\r'),
(4094, 228, 'Pader\r'),
(4095, 228, 'Rukungiri\r'),
(4096, 228, 'Sembabule\r'),
(4097, 228, 'Sironko\r'),
(4098, 228, 'Soroti\r'),
(4099, 228, 'South Buganda\r'),
(4100, 228, 'Southern\r'),
(4101, 228, 'Wakiso\r'),
(4102, 228, 'Western\r'),
(4103, 228, 'Yumbe\r'),
(4104, 230, 'Alabama\r'),
(4105, 230, 'Alaska\r'),
(4106, 230, 'American Samoa\r'),
(4107, 230, 'Arizona\r'),
(4108, 230, 'Arkansas\r'),
(4109, 230, 'Armed Forces Americas\r'),
(4110, 230, 'Armed Forces Europe, Middle East, & Canada\r'),
(4111, 230, 'Armed Forces Pacific\r'),
(4112, 230, 'California\r'),
(4113, 230, 'Colorado\r'),
(4114, 230, 'Connecticut\r'),
(4115, 230, 'Delaware\r'),
(4116, 230, 'District of Columbia\r');
INSERT INTO `tbl_region` (`id`, `country_id`, `name`) VALUES
(4117, 230, 'Federated States of Micronesia\r'),
(4118, 230, 'Florida\r'),
(4119, 230, 'Georgia\r'),
(4120, 230, 'Guam\r'),
(4121, 230, 'Hawaii\r'),
(4122, 230, 'Idaho\r'),
(4123, 230, 'Illinois\r'),
(4124, 230, 'Indiana\r'),
(4125, 230, 'Iowa\r'),
(4126, 230, 'Kansas\r'),
(4127, 230, 'Kentucky\r'),
(4128, 230, 'Louisiana\r'),
(4129, 230, 'Maine\r'),
(4130, 230, 'Marshall Islands\r'),
(4131, 230, 'Maryland\r'),
(4132, 230, 'Massachusetts\r'),
(4133, 230, 'Michigan\r'),
(4134, 230, 'Minnesota\r'),
(4135, 230, 'Mississippi\r'),
(4136, 230, 'Missouri\r'),
(4137, 230, 'Montana\r'),
(4138, 230, 'Nebraska\r'),
(4139, 230, 'Nevada\r'),
(4140, 230, 'New Hampshire\r'),
(4141, 230, 'New Jersey\r'),
(4142, 230, 'New Mexico\r'),
(4143, 230, 'New York\r'),
(4144, 230, 'North Carolina\r'),
(4145, 230, 'North Dakota\r'),
(4146, 230, 'Northern Mariana Islands\r'),
(4147, 230, 'Ohio\r'),
(4148, 230, 'Oklahoma\r'),
(4149, 230, 'Oregon\r'),
(4150, 230, 'Palau\r'),
(4151, 230, 'Pennsylvania\r'),
(4152, 230, 'Puerto Rico\r'),
(4153, 230, 'Rhode Island\r'),
(4154, 230, 'South Carolina\r'),
(4155, 230, 'South Dakota\r'),
(4156, 230, 'Tennessee\r'),
(4157, 230, 'Texas\r'),
(4158, 230, 'Utah\r'),
(4159, 230, 'Vermont\r'),
(4160, 230, 'Virgin Islands\r'),
(4161, 230, 'Virginia\r'),
(4162, 230, 'Washington\r'),
(4163, 230, 'West Virginia\r'),
(4164, 230, 'Wisconsin\r'),
(4165, 230, 'Wyoming\r'),
(4166, 231, 'Artigas\r'),
(4167, 231, 'Canelones\r'),
(4168, 231, 'Cerro Largo\r'),
(4169, 231, 'Colonia\r'),
(4170, 231, 'Durazno\r'),
(4171, 231, 'Flores\r'),
(4172, 231, 'Florida\r'),
(4173, 231, 'Lavalleja\r'),
(4174, 231, 'Maldonado\r'),
(4175, 231, 'Montevideo\r'),
(4176, 231, 'Paysandu\r'),
(4177, 231, 'Rio Negro\r'),
(4178, 231, 'Rivera\r'),
(4179, 231, 'Rocha\r'),
(4180, 231, 'Salto\r'),
(4181, 231, 'San Jose\r'),
(4182, 231, 'Soriano\r'),
(4183, 231, 'Tacuarembo\r'),
(4184, 231, 'Treinta y Tres\r'),
(4185, 232, 'Andijon\r'),
(4186, 232, 'Bukhoro\r'),
(4187, 232, 'Farghona\r'),
(4188, 232, 'Jizzakh\r'),
(4189, 232, 'Khorazm\r'),
(4190, 232, 'Namangan\r'),
(4191, 232, 'Nawoiy\r'),
(4192, 232, 'Qashqadaryo\r'),
(4193, 232, 'Qoraqalpoghiston\r'),
(4194, 232, 'Samarqand\r'),
(4195, 232, 'Sirdaryo\r'),
(4196, 232, 'Surkhondaryo\r'),
(4197, 232, 'Toshkent\r'),
(4198, 234, 'Charlotte\r'),
(4199, 234, 'Grenadines\r'),
(4200, 234, 'Saint Andrew\r'),
(4201, 234, 'Saint David\r'),
(4202, 234, 'Saint George\r'),
(4203, 234, 'Saint Patrick\r'),
(4204, 235, 'Amazonas\r'),
(4205, 235, 'Anzoategui\r'),
(4206, 235, 'Apure\r'),
(4207, 235, 'Aragua\r'),
(4208, 235, 'Barinas\r'),
(4209, 235, 'Bolivar\r'),
(4210, 235, 'Carabobo\r'),
(4211, 235, 'Cojedes\r'),
(4212, 235, 'Delta Amacuro\r'),
(4213, 235, 'Dependencias Federales\r'),
(4214, 235, 'Distrito Federal\r'),
(4215, 235, 'Falcon\r'),
(4216, 235, 'Guarico\r'),
(4217, 235, 'Lara\r'),
(4218, 235, 'Merida\r'),
(4219, 235, 'Miranda\r'),
(4220, 235, 'Monagas\r'),
(4221, 235, 'Nueva Esparta\r'),
(4222, 235, 'Portuguesa\r'),
(4223, 235, 'Sucre\r'),
(4224, 235, 'Tachira\r'),
(4225, 235, 'Trujillo\r'),
(4226, 235, 'Vargas\r'),
(4227, 235, 'Yaracuy\r'),
(4228, 235, 'Zulia\r'),
(4229, 238, 'An Giang\r'),
(4230, 238, 'Ba Ria-Vung Tau\r'),
(4231, 238, 'Bac Thai\r'),
(4232, 238, 'Ben Tre\r'),
(4233, 238, 'Binh Dinh\r'),
(4234, 238, 'Binh Thuan\r'),
(4235, 238, 'Can Tho\r'),
(4236, 238, 'Cao Bang\r'),
(4237, 238, 'Dac Lac\r'),
(4238, 238, 'Dong Nai\r'),
(4239, 238, 'Dong Thap\r'),
(4240, 238, 'Gia Lai\r'),
(4241, 238, 'Ha Bac\r'),
(4242, 238, 'Ha Giang\r'),
(4243, 238, 'Ha Noi\r'),
(4244, 238, 'Ha Tay\r'),
(4245, 238, 'Ha Tinh\r'),
(4246, 238, 'Hai Hung\r'),
(4247, 238, 'Hai Phong\r'),
(4248, 238, 'Ho Chi Minh\r'),
(4249, 238, 'Hoa Binh\r'),
(4250, 238, 'Khanh Hoa\r'),
(4251, 238, 'Kien Giang\r'),
(4252, 238, 'Kon Tum\r'),
(4253, 238, 'Lai Chau\r'),
(4254, 238, 'Lam Dong\r'),
(4255, 238, 'Lang Son\r'),
(4256, 238, 'Lao Cai\r'),
(4257, 238, 'Long An\r'),
(4258, 238, 'Minh Hai\r'),
(4259, 238, 'Nam Ha\r'),
(4260, 238, 'Nghe An\r'),
(4261, 238, 'Ninh Binh\r'),
(4262, 238, 'Ninh Thuan\r'),
(4263, 238, 'Phu Yen\r'),
(4264, 238, 'Quang Binh\r'),
(4265, 238, 'Quang Nam-Da Nang\r'),
(4266, 238, 'Quang Ngai\r'),
(4267, 238, 'Quang Ninh\r'),
(4268, 238, 'Quang Tri\r'),
(4269, 238, 'Soc Trang\r'),
(4270, 238, 'Son La\r'),
(4271, 238, 'Song Be\r'),
(4272, 238, 'Tay Ninh\r'),
(4273, 238, 'Thai Binh\r'),
(4274, 238, 'Thanh Hoa\r'),
(4275, 238, 'Thua Thien\r'),
(4276, 238, 'Tien Giang\r'),
(4277, 238, 'Tra Vinh\r'),
(4278, 238, 'Tuyen Quang\r'),
(4279, 238, 'Vinh Long\r'),
(4280, 238, 'Vinh Phu\r'),
(4281, 238, 'Yen Bai\r'),
(4282, 239, 'Ambrym\r'),
(4283, 239, 'Aoba\r'),
(4284, 239, 'Efate\r'),
(4285, 239, 'Epi\r'),
(4286, 239, 'Malakula\r'),
(4287, 239, 'Malampa\r'),
(4288, 239, 'Paama\r'),
(4289, 239, 'Penama\r'),
(4290, 239, 'Pentecote\r'),
(4291, 239, 'Sanma\r'),
(4292, 239, 'Shefa\r'),
(4293, 239, 'Shepherd\r'),
(4294, 239, 'Tafea\r'),
(4295, 239, 'Torba\r'),
(4296, 241, 'Aiga-i-le-Tai\r'),
(4297, 241, 'Atua\r'),
(4298, 241, 'Fa\r'),
(4299, 241, 'Gaga\r'),
(4300, 241, 'Gagaifomauga\r'),
(4301, 241, 'Palauli\r'),
(4302, 241, 'Satupa\r'),
(4303, 241, 'Tuamasaga\r'),
(4304, 241, 'Va\r'),
(4305, 241, 'Vaisigano\r'),
(4306, 242, 'Abyan\r'),
(4307, 242, 'Al Bayda''\r'),
(4308, 242, 'Al Hudaydah\r'),
(4309, 242, 'Al Jawf\r'),
(4310, 242, 'Al Mahrah\r'),
(4311, 242, 'Al Mahwit\r'),
(4312, 242, 'Dhamar\r'),
(4313, 242, 'Hadramawt\r'),
(4314, 242, 'Hajjah\r'),
(4315, 242, 'Ibb\r'),
(4316, 242, 'Lahij\r'),
(4317, 242, 'Ma''rib\r'),
(4318, 242, 'Sa\r'),
(4319, 242, 'San\r'),
(4320, 242, 'Shabwah\r'),
(4321, 242, 'Ta\r'),
(4322, 244, 'Eastern Cape\r'),
(4323, 244, 'Free State\r'),
(4324, 244, 'Gauteng\r'),
(4325, 244, 'KwaZulu-Natal\r'),
(4326, 244, 'Limpopo\r'),
(4327, 244, 'Mpumalanga\r'),
(4328, 244, 'North-West\r'),
(4329, 244, 'Northern Cape\r'),
(4330, 244, 'Western Cape\r'),
(4331, 245, 'Central\r'),
(4332, 245, 'Copperbelt\r'),
(4333, 245, 'Eastern\r'),
(4334, 245, 'Luapula\r'),
(4335, 245, 'Lusaka\r'),
(4336, 245, 'North-Western\r'),
(4337, 245, 'Northern\r'),
(4338, 245, 'Southern\r'),
(4339, 245, 'Western\r'),
(4340, 246, 'Bulawayo\r'),
(4341, 246, 'Harare'),
(4342, 246, 'Manicaland\r'),
(4343, 246, 'Mashonaland Central\r'),
(4344, 246, 'Mashonaland East\r'),
(4345, 246, 'Mashonaland West\r'),
(4346, 246, 'Masvingo\r'),
(4347, 246, 'Matabeleland North\r'),
(4348, 246, 'Matabeleland South\r'),
(4349, 246, 'Midlands\r');

-- --------------------------------------------------------

--
-- Table structure for table `tbl_shipping_method`
--

CREATE TABLE IF NOT EXISTS `tbl_shipping_method` (
  `id` int(11) NOT NULL AUTO_INCREMENT,
  `name` varchar(250) DEFAULT NULL,
  `cost` decimal(9,2) DEFAULT NULL,
  `is_default` enum('Yes','No') DEFAULT NULL,
  `is_enabled` enum('Yes','No') DEFAULT NULL,
  PRIMARY KEY (`id`)
) ENGINE=MyISAM  DEFAULT CHARSET=latin1 AUTO_INCREMENT=6 ;

--
-- Dumping data for table `tbl_shipping_method`
--

INSERT INTO `tbl_shipping_method` (`id`, `name`, `cost`, `is_default`, `is_enabled`) VALUES
(1, 'Standard Delivery', '4.95', 'Yes', 'Yes'),
(2, 'First Class', '4.95', NULL, 'Yes'),
(3, 'Next Working Day Delivery (UK Only)', '15.95', NULL, 'Yes'),
(4, 'Next Working Day Before 9a.m. (UK Only)', '18.95', NULL, 'Yes'),
(5, 'Signed for', '11.95', NULL, 'Yes');

-- --------------------------------------------------------

--
-- Table structure for table `tbl_site_contact_info`
--

CREATE TABLE IF NOT EXISTS `tbl_site_contact_info` (
  `id` int(11) NOT NULL AUTO_INCREMENT,
  `contact_name` varchar(120) CHARACTER SET latin1 DEFAULT NULL,
  `address_line_1` varchar(250) CHARACTER SET latin1 DEFAULT NULL,
  `address_line_2` varchar(250) CHARACTER SET latin1 DEFAULT NULL,
  `address_line_3` varchar(250) CHARACTER SET latin1 DEFAULT NULL,
  `contact_number_1` varchar(20) CHARACTER SET latin1 DEFAULT NULL,
  `contact_number_2` varchar(25) COLLATE utf8_bin DEFAULT NULL,
  `google_map_code` text COLLATE utf8_bin,
  `contact_type` enum('CONTACT_1','CONTACT_2') CHARACTER SET latin1 NOT NULL,
  PRIMARY KEY (`id`)
) ENGINE=MyISAM  DEFAULT CHARSET=utf8 COLLATE=utf8_bin AUTO_INCREMENT=2 ;

--
-- Dumping data for table `tbl_site_contact_info`
--

INSERT INTO `tbl_site_contact_info` (`id`, `contact_name`, `address_line_1`, `address_line_2`, `address_line_3`, `contact_number_1`, `contact_number_2`, `google_map_code`, `contact_type`) VALUES
(1, 'Pluspro E-commerce ', 'info@pluspro.com', 'Thomas St, Barnsley, S70 1LP', '+301 - 0125 - 012581', '', '01226771738', '<iframe width="370" height="350" frameborder="0" scrolling="no" marginheight="0" marginwidth="0" src="https://maps.google.lk/maps?f=q&source=s_q&hl=en&geocode=&q=Leeds+LS7+4RF,+United+Kingdom&aq=0&oq=Leeds+LS7+4RF&sll=53.825731,-1.53058&sspn=0.010423,0.033023&ie=UTF8&hq=&hnear=LS7+4RF,+United+Kingdom&t=m&z=14&ll=53.825731,-1.53058&output=embed"></iframe><br /><small><a href="https://maps.google.lk/maps?f=q&source=embed&hl=en&geocode=&q=Leeds+LS7+4RF,+United+Kingdom&aq=0&oq=Leeds+LS7+4RF&sll=53.825731,-1.53058&sspn=0.010423,0.033023&ie=UTF8&hq=&hnear=LS7+4RF,+United+Kingdom&t=m&z=14&ll=53.825731,-1.53058" style="color:#0000FF;text-align:left">View Larger Map</a></small>', 'CONTACT_1');

-- --------------------------------------------------------

--
-- Table structure for table `tbl_sizes`
--

CREATE TABLE IF NOT EXISTS `tbl_sizes` (
  `id` int(11) NOT NULL AUTO_INCREMENT,
  `name` varchar(50) DEFAULT NULL,
  `object_type` varchar(50) DEFAULT NULL,
  `display_order` int(11) DEFAULT NULL,
  PRIMARY KEY (`id`)
) ENGINE=MyISAM  DEFAULT CHARSET=utf8 AUTO_INCREMENT=17 ;

--
-- Dumping data for table `tbl_sizes`
--

INSERT INTO `tbl_sizes` (`id`, `name`, `object_type`, `display_order`) VALUES
(1, '5', 'PRODUCT_FOOTWEAR', 1),
(2, '6', 'PRODUCT_FOOTWEAR', 2),
(3, '7', 'PRODUCT_FOOTWEAR', 3),
(4, '8', 'PRODUCT_FOOTWEAR', 4),
(5, '9', 'PRODUCT_FOOTWEAR', 5),
(6, '10', 'PRODUCT_FOOTWEAR', 6),
(7, '11', 'PRODUCT_FOOTWEAR', 7),
(8, '12', 'PRODUCT_FOOTWEAR', 8),
(9, '30" - 32"', 'PRODUCT_BELT', 1),
(10, '34" - 36"', 'PRODUCT_BELT', 2),
(11, '38" - 40"', 'PRODUCT_BELT', 3),
(12, 'Small', 'PRODUCT_DEFAULT', 1),
(13, 'Medium', 'PRODUCT_DEFAULT', 2),
(14, 'Large', 'PRODUCT_DEFAULT', 3),
(15, 'X Large', 'PRODUCT_DEFAULT', 4),
(16, 'XX Large', 'PRODUCT_DEFAULT', 5);

-- --------------------------------------------------------

--
-- Table structure for table `tbl_social_media`
--

CREATE TABLE IF NOT EXISTS `tbl_social_media` (
  `id` int(11) NOT NULL AUTO_INCREMENT,
  `facebook` varchar(255) DEFAULT NULL,
  `twitter` varchar(255) DEFAULT NULL,
  `linkedIn` varchar(255) DEFAULT NULL,
  `googlePlus` varchar(255) DEFAULT NULL,
  `other` varchar(255) DEFAULT NULL,
  `pinterest` varchar(255) DEFAULT NULL,
  PRIMARY KEY (`id`)
) ENGINE=MyISAM  DEFAULT CHARSET=latin1 AUTO_INCREMENT=2 ;

--
-- Dumping data for table `tbl_social_media`
--

INSERT INTO `tbl_social_media` (`id`, `facebook`, `twitter`, `linkedIn`, `googlePlus`, `other`, `pinterest`) VALUES
(1, 'https://www.facebook.com/', 'https://twitter.com/', 'http://linkedin.com/', 'https://plus.google.com', '#', 'https://pinterest.com/');

-- --------------------------------------------------------

--
-- Table structure for table `tbl_subscribers`
--

CREATE TABLE IF NOT EXISTS `tbl_subscribers` (
  `id` tinyint(4) NOT NULL AUTO_INCREMENT,
  `email` varchar(50) DEFAULT NULL,
  `type` enum('Enabled','Disabled') NOT NULL DEFAULT 'Enabled',
  PRIMARY KEY (`id`)
) ENGINE=InnoDB  DEFAULT CHARSET=latin1 AUTO_INCREMENT=26 ;

--
-- Dumping data for table `tbl_subscribers`
--

INSERT INTO `tbl_subscribers` (`id`, `email`, `type`) VALUES
(1, 'rasvihostings@gmail.com', 'Enabled'),
(11, 'zumry@go.com', 'Enabled'),
(15, 'iyngaran@yahoo.com', 'Enabled'),
(16, 'mrasvi@ymail.com', 'Enabled'),
(19, 'a@b.com', 'Disabled'),
(20, '', 'Enabled'),
(21, 'mytest@gmail.com', 'Enabled'),
(23, 'a@b.com', 'Enabled'),
(24, 'a@b.com', 'Enabled'),
(25, 'a@b.com', 'Enabled');

-- --------------------------------------------------------

--
-- Table structure for table `tbl_sub_fields`
--

CREATE TABLE IF NOT EXISTS `tbl_sub_fields` (
  `id` int(11) NOT NULL AUTO_INCREMENT,
  `name` varchar(50) DEFAULT NULL,
  `parent_field_id` int(11) DEFAULT NULL,
  PRIMARY KEY (`id`)
) ENGINE=MyISAM DEFAULT CHARSET=utf8 AUTO_INCREMENT=1 ;

-- --------------------------------------------------------

--
-- Table structure for table `tbl_templates`
--

CREATE TABLE IF NOT EXISTS `tbl_templates` (
  `temp_id` int(11) NOT NULL AUTO_INCREMENT,
  `temp_name` varchar(300) NOT NULL,
  `template` text NOT NULL,
  `status` int(1) NOT NULL DEFAULT '1',
  PRIMARY KEY (`temp_id`)
) ENGINE=InnoDB  DEFAULT CHARSET=latin1 AUTO_INCREMENT=4 ;

--
-- Dumping data for table `tbl_templates`
--

INSERT INTO `tbl_templates` (`temp_id`, `temp_name`, `template`, `status`) VALUES
(1, 'Template 1', '<!DOCTYPE html PUBLIC "-//W3C//DTD XHTML 1.0 Transitional//EN" "http://www.w3.org/TR/xhtml1/DTD/xhtml1-transitional.dtd">\n<html xmlns="http://www.w3.org/1999/xhtml">\n<head>\n<meta http-equiv="Content-Type" content="text/html; charset=UTF-8" />\n<title>Untitled Document</title>\n</head>\n\n<body>\n<table width="700" border="0" cellspacing="0" cellpadding="0" align="center" style="border:solid 1px #bfd72f;">\n  <tr>\n    <td><img src="template_images/logo.jpg" width="700" height="103" alt="" /></td>\n  </tr>\n   <tr>\n    <td style="background:url(template_images/menu.jpg) no-repeat; width:700px; height:72px;" valign="top">\n    	<table width="100%" border="0" cellspacing="0" cellpadding="0">\n          <tr style="font-family:''Trebuchet MS'', Arial, Helvetica, sans-serif; font-size:14px; color:#333; text-decoration:none;">\n          	<td width="7%" height="40"></td>\n            <td width="13%"><a href="#" style="font-family:''Trebuchet MS'', Arial, Helvetica, sans-serif; font-size:14px; color:#333; text-decoration:none;">Home</a></td>\n            <td width="13%"><a href="#" style="font-family:''Trebuchet MS'', Arial, Helvetica, sans-serif; font-size:14px; color:#333; text-decoration:none;">About Us</a></td>\n            <td width="13%"><a href="#" style="font-family:''Trebuchet MS'', Arial, Helvetica, sans-serif; font-size:14px; color:#333; text-decoration:none;">Blog</a></td>\n            <td width="13%"><a href="#" style="font-family:''Trebuchet MS'', Arial, Helvetica, sans-serif; font-size:14px; color:#333; text-decoration:none;">Channels</a></td>\n            <td width="13%"><a href="#" style="font-family:''Trebuchet MS'', Arial, Helvetica, sans-serif; font-size:14px; color:#333; text-decoration:none;">Contact</a></td>\n            <td width="30%"></td>\n          </tr>\n        </table>\n    </td>\n  </tr>\n   <tr>\n    <td>\n    	<h1 style="font-family:''Trebuchet MS'', Arial, Helvetica, sans-serif; font-size:30px; color:#8b8b8b; text-align:center; padding:0px; margin:0px;">The power of online video</h1>\n\n<p style="font-family:''Trebuchet MS'', Arial, Helvetica, sans-serif; font-size:14px; color:#868686; text-align:center; padding:5px; margin:0px;">Online video is now one of the most powerful tools to promote your business.\n Online Video streams have passed 10 billion per month according to Nielsen and YouTube is now the 2nd largest search engine on the web behind only Google. Properly utilized, an online video will significantly boost the interest in your business!</p>\n    </td>\n  </tr>\n   <tr>\n    <td align="center"><img src="template_images/line.jpg" width="364" height="6" alt="" /></td>\n  </tr>\n   <tr>\n    <td align="center" height="10"></td>\n  </tr>\n   <tr>\n    <td align="center" valign="top">\n    	<table width="100%" border="0" cellspacing="0" cellpadding="0">\n          <tr>\n            <td width="33%" valign="top">\n            	<div  style="border:solid 1px #bfd72f; width:175px; height:135px; margin:10px;">\n                	<embed id="video-player-flash" width="175" height="135" flashvars="iurl=http%3A%2F%2Fi2.ytimg.com%2Fvi%2Fy2cdktUy5xM%2Fhqdefault.jpg&el=embedded&fexp=904540%2C909703&hl=en_US&is_html5_mobile_device=false&video_id=y2cdktUy5xM&sendtmp=1&enablejsapi=1&sk=eqtxvoB5JylE7AZWcsZv8eeBkMKeqn6zC&use_native_controls=false&rel=1&playlist_module=http%3A%2F%2Fs.ytimg.com%2Fyt%2Fswfbin%2Fplaylist_module-vflu8VObY.swf&eurl=http%3A%2F%2Fclients.knetiks.co.uk%2F5thocean%2Fvideo-category-1.html%3Fvid%3D14&use_tablet_controls=0&jsapicallback=ytPlayerOnYouTubePlayerReady&playerapiid=player1&framer=http%3A%2F%2Fclients.knetiks.co.uk%2F5thocean%2Fvideo-category-1.html%3Fvid%3D14" bgcolor="#000000" allowfullscreen="true" allowscriptaccess="always" src="http://s.ytimg.com/yt/swfbin/watch_as3-vflMmYdk4.swf" type="application/x-shockwave-flash">\n                    \n                </div>\n            </td>\n            <td width="67%">\n            	\n    	<h1 style="font-family:''Trebuchet MS'', Arial, Helvetica, sans-serif; font-size:30px; color:#8b8b8b;  padding:0px; margin:0px;">Video Titel 1\n</h1>\n\n<p style="font-family:''Trebuchet MS'', Arial, Helvetica, sans-serif; font-size:14px; color:#868686;  padding:5px; margin:0px;">Online video is now one of the most powerful tools to promote your business.\n Online Video streams have passed 10 billion per month according to Nielsen and YouTube is now the 2nd largest search engine on the web behind only Google. Properly utilized, an online video will significantly boost the interest in your business!</p>\n            </td>\n          </tr>\n          <tr>\n          	<td colspan="2" align="center"><img src="template_images/line.jpg" width="364" height="6" alt="" /></td>\n          </tr>\n           <tr>\n            <td width="33%" valign="top">\n            	<div  style="border:solid 1px #bfd72f; width:175px; height:135px; margin:10px;">\n                <embed id="video-player-flash" width="175" height="135" flashvars="iurl=http%3A%2F%2Fi2.ytimg.com%2Fvi%2Fy2cdktUy5xM%2Fhqdefault.jpg&el=embedded&fexp=904540%2C909703&hl=en_US&is_html5_mobile_device=false&video_id=y2cdktUy5xM&sendtmp=1&enablejsapi=1&sk=eqtxvoB5JylE7AZWcsZv8eeBkMKeqn6zC&use_native_controls=false&rel=1&playlist_module=http%3A%2F%2Fs.ytimg.com%2Fyt%2Fswfbin%2Fplaylist_module-vflu8VObY.swf&eurl=http%3A%2F%2Fclients.knetiks.co.uk%2F5thocean%2Fvideo-category-1.html%3Fvid%3D14&use_tablet_controls=0&jsapicallback=ytPlayerOnYouTubePlayerReady&playerapiid=player1&framer=http%3A%2F%2Fclients.knetiks.co.uk%2F5thocean%2Fvideo-category-1.html%3Fvid%3D14" bgcolor="#000000" allowfullscreen="true" allowscriptaccess="always" src="http://s.ytimg.com/yt/swfbin/watch_as3-vflMmYdk4.swf" type="application/x-shockwave-flash">\n                    \n                </div>\n            </td>\n            <td width="67%">\n            	\n    	<h1 style="font-family:''Trebuchet MS'', Arial, Helvetica, sans-serif; font-size:30px; color:#8b8b8b;  padding:0px; margin:0px;">Video Titel 2</h1>\n\n<p style="font-family:''Trebuchet MS'', Arial, Helvetica, sans-serif; font-size:14px; color:#868686;  padding:5px; margin:0px;">Online video is now one of the most powerful tools to promote your business.\n Online Video streams have passed 10 billion per month according to Nielsen and YouTube is now the 2nd largest search engine on the web behind only Google. Properly utilized, an online video will significantly boost the interest in your business!</p>\n            </td>\n          </tr>\n          <tr>\n          	<td colspan="2" align="center"><img src="template_images/line.jpg" width="364" height="6" alt="" /></td>\n          </tr>\n           <tr>\n            <td width="33%" valign="top">\n            	<div  style="border:solid 1px #bfd72f; width:175px; height:135px; margin:10px;">\n                	<embed id="video-player-flash" width="175" height="135" flashvars="iurl=http%3A%2F%2Fi2.ytimg.com%2Fvi%2Fy2cdktUy5xM%2Fhqdefault.jpg&el=embedded&fexp=904540%2C909703&hl=en_US&is_html5_mobile_device=false&video_id=y2cdktUy5xM&sendtmp=1&enablejsapi=1&sk=eqtxvoB5JylE7AZWcsZv8eeBkMKeqn6zC&use_native_controls=false&rel=1&playlist_module=http%3A%2F%2Fs.ytimg.com%2Fyt%2Fswfbin%2Fplaylist_module-vflu8VObY.swf&eurl=http%3A%2F%2Fclients.knetiks.co.uk%2F5thocean%2Fvideo-category-1.html%3Fvid%3D14&use_tablet_controls=0&jsapicallback=ytPlayerOnYouTubePlayerReady&playerapiid=player1&framer=http%3A%2F%2Fclients.knetiks.co.uk%2F5thocean%2Fvideo-category-1.html%3Fvid%3D14" bgcolor="#000000" allowfullscreen="true" allowscriptaccess="always" src="http://s.ytimg.com/yt/swfbin/watch_as3-vflMmYdk4.swf" type="application/x-shockwave-flash">\n                    \n                </div>\n            </td>\n            <td width="67%">\n            	\n    	<h1 style="font-family:''Trebuchet MS'', Arial, Helvetica, sans-serif; font-size:30px; color:#8b8b8b;  padding:0px; margin:0px;">Video Titel 3</h1>\n\n<p style="font-family:''Trebuchet MS'', Arial, Helvetica, sans-serif; font-size:14px; color:#868686;  padding:5px; margin:0px;">Online video is now one of the most powerful tools to promote your business.\n Online Video streams have passed 10 billion per month according to Nielsen and YouTube is now the 2nd largest search engine on the web behind only Google. Properly utilized, an online video will significantly boost the interest in your business!</p>\n            </td>\n          </tr>\n         \n        </table>\n    </td>\n  </tr>\n  <tr>\n    <td><img src="template_images/bottom.png" width="699" height="116" alt="" /></td></tr>\n</table>\n</body>\n</html>', 1),
(2, 'Template 2', '<!DOCTYPE html PUBLIC "-//W3C//DTD XHTML 1.0 Transitional//EN" "http://www.w3.org/TR/xhtml1/DTD/xhtml1-transitional.dtd">\n<html xmlns="http://www.w3.org/1999/xhtml">\n<head>\n<meta http-equiv="Content-Type" content="text/html; charset=UTF-8" />\n<title>Untitled Document</title>\n</head>\n\n<body>\n<table width="700" border="0" cellspacing="0" cellpadding="0" align="center">\n  <tr>\n    <td><img src="template_images/logo.png" width="700" height="94" alt="" /></td>\n  </tr>\n   <tr>\n    <td style="background:url(template_images/titelbg.png) no-repeat; width:700px; height:44px; color:#8b8b8b; font-family:''Trebuchet MS'', Arial, Helvetica, sans-serif; font-size:30px;" align="center">The power of online video</td>\n  </tr>\n  <tr><td height="20"></td></tr>\n   <tr>\n    <td style=" width:700px; height:44px; color:#8b8b8b; font-family:''Trebuchet MS'', Arial, Helvetica, sans-serif; font-size:14px;" align="center">Online video is now one of the most powerful tools to promote your business. Online Video streams have passed 10 billion per month according to Nielsen and YouTube is now the 2nd largest search engine on the web behind only Google. Properly utilized, an online video will significantly boost the interest in your business!</td>\n  </tr>\n  <tr><td height="20"></td></tr>\n   <tr>\n    <td>\n    	<table width="100%" border="0" cellspacing="0" cellpadding="0">\n          <tr>\n            <td width="70%" valign="top">\n            \n            	<div style="background:url(template_images/text_box_top.png) no-repeat; width:479px; height:41px; color:#333; font-family:''Trebuchet MS'', Arial, Helvetica, sans-serif; font-size:20px; ">\n                	<div style="margin-left:10px; padding-top:10px;">"Electric Daisy Carnival"</div>\n                </div>\n              <div style="background:#c0e43a;  width:468px; font-family:''Trebuchet MS'', Arial, Helvetica, sans-serif; font-size:14px; padding-left:10px; height:116px; color:#4b4b4b;">\n              http://www.5thandocean.com. Want A Video Like This For Your Business? 5th & Ocean Productions are based in Miami, New York and Las Vegas. We produce cost effective Online Promotional Video''s for business marketing, a perfect format for Night Clubs, Special Events, Restaurants and local businesses.\n              	</div>\n              <div><img src="template_images/text_box_bot.png" width="479" height="12" alt="" /></div>\n               <div style="height:10px;"></div>\n               <div style="background:url(template_images/text_box_top.png) no-repeat; width:479px; height:41px; color:#333; font-family:''Trebuchet MS'', Arial, Helvetica, sans-serif; font-size:24px; ">\n                	<div style="margin-left:10px; padding-top:10px;">Video Titel 2</div>\n                </div>\n              <div style="background:#c0e43a;  width:468px; font-family:''Trebuchet MS'', Arial, Helvetica, sans-serif; font-size:14px; padding-left:10px; height:116px; color:#4b4b4b;">\n              	Online video is now one of the most powerful tools to promote your business. Online Video streams have passed 10 billion per month according to Nielsen and YouTube is now the 2nd largest search engine on the web behind only Google. Properly utilized, an online video will significantly boost the interest in your business!   	\n              </div>\n              <div><img src="template_images/text_box_bot.png" width="479" height="12" alt="" /></div>\n               <div style="height:10px;"></div>\n               <div style="background:url(template_images/text_box_top.png) no-repeat; width:479px; height:41px; color:#333; font-family:''Trebuchet MS'', Arial, Helvetica, sans-serif; font-size:24px; ">\n                	<div style="margin-left:10px; padding-top:10px;">Video Titel 3</div>\n                </div>\n              <div style="background:#c0e43a;  width:468px; font-family:''Trebuchet MS'', Arial, Helvetica, sans-serif; font-size:14px; padding-left:10px; height:116px; color:#4b4b4b;">\n              	Online video is now one of the most powerful tools to promote your business. Online Video streams have passed 10 billion per month according to Nielsen and YouTube is now the 2nd largest search engine on the web behind only Google. Properly utilized, an online video will significantly boost the interest in your business!  	\n              </div>\n              <div><img src="template_images/text_box_bot.png" width="479" height="12" alt="" /></div>\n               <div style="height:10px;"></div>\n            </td>\n            <td width="30%" valign="top">\n            	<div style="background:url(template_images/video_bg.png) no-repeat; height:158px; width:179px; margin-left:15px;">\n                	<div style=" height:135px; width:169px; margin:5px; padding-top:10px;">\n                    	<embed id="video-player-flash" width="169" height="135" flashvars="iurl=http%3A%2F%2Fi2.ytimg.com%2Fvi%2Fy2cdktUy5xM%2Fhqdefault.jpg&el=embedded&fexp=904540%2C909703&hl=en_US&is_html5_mobile_device=false&video_id=y2cdktUy5xM&sendtmp=1&enablejsapi=1&sk=eqtxvoB5JylE7AZWcsZv8eeBkMKeqn6zC&use_native_controls=false&rel=1&playlist_module=http%3A%2F%2Fs.ytimg.com%2Fyt%2Fswfbin%2Fplaylist_module-vflu8VObY.swf&eurl=http%3A%2F%2Fclients.knetiks.co.uk%2F5thocean%2Fvideo-category-1.html%3Fvid%3D14&use_tablet_controls=0&jsapicallback=ytPlayerOnYouTubePlayerReady&playerapiid=player1&framer=http%3A%2F%2Fclients.knetiks.co.uk%2F5thocean%2Fvideo-category-1.html%3Fvid%3D14" bgcolor="#000000" allowfullscreen="true" allowscriptaccess="always" src="http://s.ytimg.com/yt/swfbin/watch_as3-vflMmYdk4.swf" type="application/x-shockwave-flash">\n                    \n                    </div>\n                </div>\n               <div style="height:10px;"></div>\n               <div style="background:url(template_images/video_bg.png) no-repeat; height:158px; width:179px; margin-left:15px;">\n                	<div style=" height:135px; width:169px; margin:5px; padding-top:10px;">\n                    	<embed id="video-player-flash" width="169" height="135" flashvars="iurl=http%3A%2F%2Fi2.ytimg.com%2Fvi%2Fy2cdktUy5xM%2Fhqdefault.jpg&el=embedded&fexp=904540%2C909703&hl=en_US&is_html5_mobile_device=false&video_id=y2cdktUy5xM&sendtmp=1&enablejsapi=1&sk=eqtxvoB5JylE7AZWcsZv8eeBkMKeqn6zC&use_native_controls=false&rel=1&playlist_module=http%3A%2F%2Fs.ytimg.com%2Fyt%2Fswfbin%2Fplaylist_module-vflu8VObY.swf&eurl=http%3A%2F%2Fclients.knetiks.co.uk%2F5thocean%2Fvideo-category-1.html%3Fvid%3D14&use_tablet_controls=0&jsapicallback=ytPlayerOnYouTubePlayerReady&playerapiid=player1&framer=http%3A%2F%2Fclients.knetiks.co.uk%2F5thocean%2Fvideo-category-1.html%3Fvid%3D14" bgcolor="#000000" allowfullscreen="true" allowscriptaccess="always" src="http://s.ytimg.com/yt/swfbin/watch_as3-vflMmYdk4.swf" type="application/x-shockwave-flash">\n                    \n                    </div>\n                </div>\n               <div style="height:10px;"></div>\n               <div style="background:url(template_images/video_bg.png) no-repeat; height:158px; width:179px; margin-left:15px;">\n                	<div style=" height:135px; width:169px; margin:5px; padding-top:10px;">\n                    	<embed id="video-player-flash" width="169" height="135" flashvars="iurl=http%3A%2F%2Fi2.ytimg.com%2Fvi%2Fy2cdktUy5xM%2Fhqdefault.jpg&el=embedded&fexp=904540%2C909703&hl=en_US&is_html5_mobile_device=false&video_id=y2cdktUy5xM&sendtmp=1&enablejsapi=1&sk=eqtxvoB5JylE7AZWcsZv8eeBkMKeqn6zC&use_native_controls=false&rel=1&playlist_module=http%3A%2F%2Fs.ytimg.com%2Fyt%2Fswfbin%2Fplaylist_module-vflu8VObY.swf&eurl=http%3A%2F%2Fclients.knetiks.co.uk%2F5thocean%2Fvideo-category-1.html%3Fvid%3D14&use_tablet_controls=0&jsapicallback=ytPlayerOnYouTubePlayerReady&playerapiid=player1&framer=http%3A%2F%2Fclients.knetiks.co.uk%2F5thocean%2Fvideo-category-1.html%3Fvid%3D14" bgcolor="#000000" allowfullscreen="true" allowscriptaccess="always" src="http://s.ytimg.com/yt/swfbin/watch_as3-vflMmYdk4.swf" type="application/x-shockwave-flash">\n                    \n                    </div>\n                </div>\n               <div style="height:10px;"></div>\n               \n            </td>\n          </tr>\n        </table>\n    </td>\n  </tr>\n   <tr>\n    <td><img src="template_images/bot_bg.png" width="700" height="66" alt="" /></td>\n  </tr>\n   \n</table>\n</body>\n</html>', 1),
(3, 'Template 3', '<!DOCTYPE html PUBLIC "-//W3C//DTD XHTML 1.0 Transitional//EN" "http://www.w3.org/TR/xhtml1/DTD/xhtml1-transitional.dtd">\n<html xmlns="http://www.w3.org/1999/xhtml">\n<head>\n<meta http-equiv="Content-Type" content="text/html; charset=UTF-8" />\n<title>Untitled Document</title>\n</head>\n\n<body>\n<table width="700" border="0" cellspacing="0" cellpadding="0" align="center">\n  <tr>\n    <td style="background:url(template_images/top.jpg) no-repeat; width:700px; height:156px;"><h1 style="font-family:''Trebuchet MS'', Arial, Helvetica, sans-serif; font-size:30px; color:#8b8b8b; text-align:center; padding:0px; margin:0px; margin-top:120px;">The power of online video</h1></td>\n  </tr>\n   <tr>\n    <td style="background:url(template_images/top_contentbg.jpg) no-repeat; width:700px; height:143px;" valign="top">\n    	\n\n<p style="font-family:''Trebuchet MS'', Arial, Helvetica, sans-serif; font-size:14px; color:#868686; text-align:center; padding:15px 25px 5px 20px; margin:0px;">Online video is now one of the most powerful tools to promote your business.\n Online Video streams have passed 10 billion per month according to Nielsen and YouTube is now the 2nd largest search engine on the web behind only Google. Properly utilized, an online video will significantly boost the interest in your &#8730;business!</p>\n    </td>\n  </tr>\n   <tr>\n    <td valign="top">\n    	<div><img src="template_images/content_box_top.jpg" width="700" height="16" alt="" /></div>\n        <div style="background:url(template_images/content_box_bg.png) repeat-y; width:680px; padding-left:20px;">\n        	<table width="100%" border="0" cellspacing="0" cellpadding="0">\n              <tr>\n                <td width="67%" valign="top">\n                    <h1 style="font-family:''Trebuchet MS'', Arial, Helvetica, sans-serif; font-size:30px; color:#c0e43a;  padding:0px; margin:0px; padding-left:10px;">"Electric Daisy Carnival"</h1>\n                    <p style="font-family:''Trebuchet MS'', Arial, Helvetica, sans-serif; font-size:14px; color:#868686;  padding:5px; margin:0px;">http://www.5thandocean.com. Want A Video Like This For Your Business? 5th & Ocean Productions are based in Miami, New York and Las Vegas. We produce cost effective Online Promotional Video''s for business marketing, a perfect format for Night Clubs, Special Events, Restaurants and local businesses.</p>\n                </td>\n                 <td width="33%" valign="top">\n                    <div  style="border:solid 1px #bfd72f; width:175px; height:135px; margin:10px;">\n                    <embed id="video-player-flash" width="175" height="135" flashvars="iurl=http%3A%2F%2Fi2.ytimg.com%2Fvi%2Fy2cdktUy5xM%2Fhqdefault.jpg&el=embedded&fexp=904540%2C909703&hl=en_US&is_html5_mobile_device=false&video_id=y2cdktUy5xM&sendtmp=1&enablejsapi=1&sk=eqtxvoB5JylE7AZWcsZv8eeBkMKeqn6zC&use_native_controls=false&rel=1&playlist_module=http%3A%2F%2Fs.ytimg.com%2Fyt%2Fswfbin%2Fplaylist_module-vflu8VObY.swf&eurl=http%3A%2F%2Fclients.knetiks.co.uk%2F5thocean%2Fvideo-category-1.html%3Fvid%3D14&use_tablet_controls=0&jsapicallback=ytPlayerOnYouTubePlayerReady&playerapiid=player1&framer=http%3A%2F%2Fclients.knetiks.co.uk%2F5thocean%2Fvideo-category-1.html%3Fvid%3D14" bgcolor="#000000" allowfullscreen="true" allowscriptaccess="always" src="http://s.ytimg.com/yt/swfbin/watch_as3-vflMmYdk4.swf" type="application/x-shockwave-flash">\n                    </div>\n                </td>\n              </tr>\n           </table>\n        </div>\n        <div><img src="template_images/content_box_bottom.jpg" width="700" height="12" /></div>\n    </td>\n  </tr>\n   <tr><td height="10"></td></tr>\n   <tr>\n    <td>\n    	<div><img src="template_images/content_box_top.jpg" width="700" height="16" alt="" /></div>\n        <div style="background:url(template_images/content_box_bg.png) repeat-y; width:680px; padding-left:20px;">\n        	<table width="100%" border="0" cellspacing="0" cellpadding="0">\n              <tr>\n                <td width="67%">\n                    <h1 style="font-family:''Trebuchet MS'', Arial, Helvetica, sans-serif; font-size:30px; color:#c0e43a;  padding:0px; margin:0px; padding-left:10px;">"Ultra Fest Miami"</h1>\n                    <p style="font-family:''Trebuchet MS'', Arial, Helvetica, sans-serif; font-size:14px; color:#868686;  padding:5px; margin:0px;">http://www.5thandocean.com. Want A Video Like This For Your Business? 5th & Ocean Productions are based in Miami, New York and Las Vegas. We produce cost effective Online Promotional Video''s for business marketing, a perfect format for Night Clubs, Special Events, Restaurants and local businesses.</p>\n                </td>\n                 <td width="33%" valign="top">\n                    <div  style="border:solid 1px #bfd72f; width:175px; height:135px; margin:10px;">\n                    	<embed width="175" height="135" flashvars="iurl=http%3A%2F%2Fi2.ytimg.com%2Fvi%2F5b_fLKipDKM%2Fhqdefault.jpg&amp;el=embedded&amp;fexp=904540%2C909703&amp;hl=en_US&amp;is_html5_mobile_device=false&amp;video_id=5b_fLKipDKM&amp;sendtmp=1&amp;enablejsapi=1&amp;sk=eqtxvoB5JylE7AZWcsZv8eeBkMKeqn6zC&amp;use_native_controls=false&amp;rel=1&amp;playlist_module=http%3A%2F%2Fs.ytimg.com%2Fyt%2Fswfbin%2Fplaylist_module-vflu8VObY.swf&amp;eurl=http%3A%2F%2Fclients.knetiks.co.uk%2F5thocean%2Fvideo-category-1.html%3Fvid%3D2&amp;use_tablet_controls=0&amp;jsapicallback=ytPlayerOnYouTubePlayerReady&amp;playerapiid=player1&amp;framer=http%3A%2F%2Fclients.knetiks.co.uk%2F5thocean%2Fvideo-category-1.html%3Fvid%3D2" bgcolor="#000000" allowfullscreen="true" allowscriptaccess="always" src="http://s.ytimg.com/yt/swfbin/watch_as3-vflMmYdk4.swf" type="application/x-shockwave-flash" id="video-player-flash">\n                    </div>\n                </td>\n              </tr>\n           </table>\n        </div>\n        <div><img src="template_images/content_box_bottom.jpg" width="700" height="12" /></div>\n    </td>\n  </tr>\n   <tr><td height="10"></td></tr>\n   <tr>\n    <td>\n    	<div><img src="template_images/content_box_top.jpg" width="700" height="16" alt="" /></div>\n        <div style="background:url(template_images/content_box_bg.png) repeat-y; width:680px; padding-left:20px;">\n        	<table width="100%" border="0" cellspacing="0" cellpadding="0">\n              <tr>\n                <td width="67%">\n                    <h1 style="font-family:''Trebuchet MS'', Arial, Helvetica, sans-serif; font-size:30px; color:#c0e43a;  padding:0px; margin:0px; padding-left:10px;">"Deadmau5"</h1>\n                    <p style="font-family:''Trebuchet MS'', Arial, Helvetica, sans-serif; font-size:14px; color:#868686;  padding:5px; margin:0px;">http://www.5thandocean.com. Want A Video Like This For Your Business? 5th & Ocean Productions are based in Miami, New York and Las Vegas. We produce cost effective Online Promotional Video''s for business marketing, a perfect format for Night Clubs, Special Events, Restaurants and local businesses.</p>\n                </td>\n                 <td width="33%" valign="top">\n                    <div  style="border:solid 1px #bfd72f; width:175px; height:135px; margin:10px;">\n                    	<embed width="175" height="135" flashvars="iurl=http%3A%2F%2Fi3.ytimg.com%2Fvi%2FJPHV41GT5Gc%2Fhqdefault.jpg&amp;el=embedded&amp;fexp=904540%2C909703&amp;hl=en_US&amp;is_html5_mobile_device=false&amp;video_id=JPHV41GT5Gc&amp;sendtmp=1&amp;enablejsapi=1&amp;sk=eqtxvoB5JylE7AZWcsZv8eeBkMKeqn6zC&amp;use_native_controls=false&amp;rel=1&amp;playlist_module=http%3A%2F%2Fs.ytimg.com%2Fyt%2Fswfbin%2Fplaylist_module-vflu8VObY.swf&amp;eurl=http%3A%2F%2Fclients.knetiks.co.uk%2F5thocean%2Fvideo-category-1.html%3Fvid%3D13&amp;use_tablet_controls=0&amp;jsapicallback=ytPlayerOnYouTubePlayerReady&amp;playerapiid=player1&amp;framer=http%3A%2F%2Fclients.knetiks.co.uk%2F5thocean%2Fvideo-category-1.html%3Fvid%3D13" bgcolor="#000000" allowfullscreen="true" allowscriptaccess="always" src="http://s.ytimg.com/yt/swfbin/watch_as3-vflMmYdk4.swf" type="application/x-shockwave-flash" id="video-player-flash">\n                    </div>\n                </td>\n              </tr>\n           </table>\n        </div>\n        <div><img src="template_images/content_box_bottom.jpg" width="700" height="12" /></div>\n    </td>\n  </tr>\n  <tr><td height="10"></td></tr>\n  <tr><td><img src="template_images/bot_img.jpg" width="700" height="119" alt="" /></td></tr>\n</table>\n</body>\n</html>', 1);

-- --------------------------------------------------------

--
-- Table structure for table `tbl_testimonials`
--

CREATE TABLE IF NOT EXISTS `tbl_testimonials` (
  `id` bigint(20) unsigned NOT NULL AUTO_INCREMENT,
  `project_id` int(11) DEFAULT NULL,
  `tes_title` varchar(100) NOT NULL,
  `tes_desc` text,
  `features` text,
  `quote_by` varchar(100) DEFAULT NULL,
  `designation` varchar(50) DEFAULT NULL,
  `featured` char(1) DEFAULT NULL,
  `listingId` int(11) DEFAULT NULL,
  PRIMARY KEY (`id`)
) ENGINE=MyISAM  DEFAULT CHARSET=latin1 AUTO_INCREMENT=9 ;

--
-- Dumping data for table `tbl_testimonials`
--

INSERT INTO `tbl_testimonials` (`id`, `project_id`, `tes_title`, `tes_desc`, `features`, `quote_by`, `designation`, `featured`, `listingId`) VALUES
(7, 0, 'kevin', '<p>Aenean imperdiet. Etiam ultricies nisi vel augue. Curabitur ullamcorper ultricies nisi. Nam eget dui. Etiam rhoncus. Maecenas tempus, tellus eget condimentum rhoncus, sem quam semper libero, sit amet adipiscing sem neque sed ipsum.</p>\r\n', '', 'Kavin jeo', '', '0', 0),
(8, 0, 'shown', '<p>Donec vitae sapien ut libero venenatis faucibus. Nullam quis ante. Etiam sit amet orci eget eros faucibus tincidunt. Duis leo. Sed fringilla mauris sit amet nibh. Donec sodales sagittis magna. Sed consequat,</p>\r\n', '', 'shown micle ', '', '0', 0),
(5, 0, 'David  Leeds', '<p>Lorem ipsum dolor sit amet, consectetur adipiscing elit. Vivamus vel mollis libero, ac aliquam felis. Curabitur porttitor elit non magna porttitor mollis. Cras lobortis tellus sed pretium lobortis.&rdquo;</p>\r\n', '', 'David - Leeds', '', '0', 0),
(6, 0, 'David  Leeds', '<p>Vivamus elementum semper nisi. Aenean vulputate eleifend tellus. Aenean leo ligula, porttitor eu, consequat vitae, eleifend ac, enim. Aliquam lorem ante, dapibus in, viverra quis, feugiat a, tellus. Phasellus viverra nulla ut metus varius laoreet. Quisque rutrum.</p>\r\n', '', 'Abraham lingam', '', '0', 0);

-- --------------------------------------------------------

--
-- Table structure for table `users`
--

CREATE TABLE IF NOT EXISTS `users` (
  `member_id` smallint(11) NOT NULL AUTO_INCREMENT,
  `firstname` text CHARACTER SET latin1,
  `lastname` text CHARACTER SET latin1,
  `login` text CHARACTER SET latin1,
  `passwd` tinytext CHARACTER SET latin1,
  `isadmin` tinyint(4) DEFAULT '0',
  PRIMARY KEY (`member_id`)
) ENGINE=MyISAM  DEFAULT CHARSET=utf8 AUTO_INCREMENT=5 ;

--
-- Dumping data for table `users`
--

INSERT INTO `users` (`member_id`, `firstname`, `lastname`, `login`, `passwd`, `isadmin`) VALUES
(3, 'PlusPro', 'Support', 'support@pluspro.com', '8435f87baa86c5a8eb5adbcd15bcfe8f', 1),
(4, 'SuperAdmin', 'Pluspro', 'superadmin@pluspro.com', '8435f87baa86c5a8eb5adbcd15bcfe8f', 2);

/*!40101 SET CHARACTER_SET_CLIENT=@OLD_CHARACTER_SET_CLIENT */;
/*!40101 SET CHARACTER_SET_RESULTS=@OLD_CHARACTER_SET_RESULTS */;
/*!40101 SET COLLATION_CONNECTION=@OLD_COLLATION_CONNECTION */;
